idx	name	dll_default	doc_default	addr	n_funcs	funcs
0	chargeChanceBaseFirst	0	0	6808fde0	1	68036a52
1	chargeChanceBaseThird	-20	-20	6808fde4	1	68036a52
2	chargeChancePitcherFAPct	25	25	6808fde8	1	68036a52
3	chargeChanceFAPct	25	25	6808fdec	1	68036a52
4	chargeChanceSacChanceAdjust	-20	-20	6808fdf0	1	68036a52
5	chargeChanceThirdOnFirstSecond	20	20	6808fdf4	1	68036a52
6	chargeChanceThirdOnThird	20	20	6808fdf8	1	68036a52
7	holdChanceBase	0	0	6808fdfc	1	68036c6c
8	holdChanceMinRunnerSpeed	30	30	6808fe00	1	68036c6c
9	holdChanceAdjust	100	100	6808fe04	1	68036c6c
10	pickoffChanceBase	0	0	6808fe08	1	68036d52
11	pickoffChanceStealChanceAdjust	-10	-10	6808fe0c	1	68036d52
12	pickoffChanceLeadMult	5	5	6808fe10	1	68036d52
13	pickoffChancePitchesMult	-10	-10	6808fe14	1	68036d52
14	pitchOutChanceStealThresh	25	25	6808fe18	1	68036e91
15	pitchOutChanceHitRunThresh	25	25	6808fe1c	1	68036e91
16	pitchOutChanceBase	25	25	6808fe20	1	68036e91
17	pitchOutChanceBall0Adjust	5	5	6808fe24	1	68036e91
18	pitchOutChanceBall1Adjust	0	0	6808fe28	1	68036e91
19	pitchOutChanceBall2Adjust	-25	-25	6808fe2c	1	68036e91
20	pitchOutChanceBall3Adjust	-100	-100	6808fe30	1	68036e91
21	pitchOutChanceInn8Adjust	5	5	6808fe34	1	68036e91
22	pitchOutChanceInn9Adjust	10	10	6808fe38	1	68036e91
23	pitchOutChanceHomeAdjust	-5	-5	6808fe3c	1	68036e91
24	pitchAroundChanceNoInn	5	6	6808fe40	1	680371f8
25	pitchAroundChanceBase	15	25	6808fe44	1	680371f8
26	pitchAroundChanceInn7Adjust	5	5	6808fe48	1	680371f8
27	pitchAroundChanceInn9Adjust	10	10	6808fe4c	1	680371f8
28	pitchAroundChancePH2BatAdjust	65	25	6808fe50	1	680371f8
29	pitchAroundChancePH1BatAdjust	35	10	6808fe54	1	680371f8
30	pitchAroundChancePHBatAdjust	10	5	6808fe58	1	680371f8
31	pitchAroundChancePHODAdjust	-5	-10	6808fe5c	1	680371f8
32	pitchAroundChancePH1ODAdjust	-20	-25	6808fe60	1	680371f8
33	pitchAroundChancePH2ODAdjust	-40	-50	6808fe64	1	680371f8
34	pitchAroundChanceCH2BatAdjust	10	15	6808fe68	1	680371f8
35	pitchAroundChanceCH1BatAdjust	5	5	6808fe6c	1	680371f8
36	pitchAroundChanceCHBatAdjust	0	0	6808fe70	1	680371f8
37	pitchAroundChanceCHODAdjust	0	-5	6808fe74	1	680371f8
38	pitchAroundChanceCH1ODAdjust	-5	-15	6808fe78	1	680371f8
39	pitchAroundChanceCH2ODAdjust	-10	-30	6808fe7c	1	680371f8
40	pitchAroundChanceLowGFThresh	50	45	6808fe80	1	680371f8
41	pitchAroundChanceLowGFAdjust	20	5	6808fe84	1	680371f8
42	pitchAroundChanceOut0	-50	0	6808fe88	1	680371f8
43	pitchAroundChanceOut1	5	5	6808fe8c	1	680371f8
44	pitchAroundChanceOut2	10	10	6808fe90	1	680371f8
45	pitchAroundChanceOn23	15	5	6808fe94	1	680371f8
46	defManChargeChancePct	50	50	6808fe98	1	680382d9
47	defManPitchAroundToIBBPct	100	100	6808fe9c	1	680382d9
48	defPosHighPull	80	80	6808fea0	1	6803853e
49	defPosLowPull	19	19	6808fea4	1	6803853e
50	defPosHighPullExtra	60	60	6808fea8	1	6803853e
51	defPosLowPullExtra	39	39	6808feac	1	6803853e
52	defPosHighPower	85	85	6808feb0	1	6803853e
53	defPosLowPower	20	20	6808feb4	1	6803853e
54	stealChance00Count	-10	0	6808feb8	1	68052bd5
55	stealChance01Count	-10	0	6808febc	1	68052bd5
56	stealChance02Count	-20	-10	6808fec0	1	68052bd5
57	stealChance10Count	10	10	6808fec4	1	68052bd5
58	stealChance11Count	0	0	6808fec8	1	68052bd5
59	stealChance12Count	-10	-10	6808fecc	1	68052bd5
60	stealChance20Count	20	15	6808fed0	1	68052bd5
61	stealChance21Count	5	5	6808fed4	1	68052bd5
62	stealChance22Count	0	0	6808fed8	1	68052bd5
63	stealChance30Count	15	15	6808fedc	1	68052bd5
64	stealChance31Count	15	15	6808fee0	1	68052bd5
65	stealChance32Count	20	20	6808fee4	1	68052bd5
66	stealChanceVerySlowThresh	29	13	6808fee8	1	68052bd5
67	stealChanceSlowThresh	39	27	6808feec	1	68052bd5
68	stealChanceMedThresh	59	60	6808fef0	1	68052bd5
69	stealChanceFastThresh	79	80	6808fef4	1	68052bd5
70	stealChanceVerySlowAdjust	-80	-40	6808fef8	1	68052bd5
71	stealChanceSlowAdjust	-40	-10	6808fefc	1	68052bd5
72	stealChanceMedAdjust	-5	0	6808ff00	1	68052bd5
73	stealChanceFastAdjust	15	20	6808ff04	1	68052bd5
74	stealChanceVeryFastAdjust	20	25	6808ff08	1	68052bd5
75	stealChanceVeryLowHoldThresh	19	19	6808ff0c	1	68052bd5
76	stealChanceLowHoldThresh	39	39	6808ff10	1	68052bd5
77	stealChanceMedHoldThresh	59	65	6808ff14	1	68052bd5
78	stealChanceHighHoldThresh	79	74	6808ff18	1	68052bd5
79	stealChanceVeryLowHoldAdjust	30	15	6808ff1c	1	68052bd5
80	stealChanceLowHoldAdjust	15	5	6808ff20	1	68052bd5
81	stealChanceMedHoldAdjust	5	0	6808ff24	1	68052bd5
82	stealChanceHighHoldAdjust	-20	-10	6808ff28	1	68052bd5
83	stealChanceVeryHighHoldAdjust	-40	-20	6808ff2c	1	68052bd5
84	stealChancePitcherFaceAdjust	-5	-5	6808ff30	1	68052bd5
85	stealChancePitcherBackAdjust	0	5	6808ff34	1	68052bd5
86	stealChancePitcherWindupAdjust	5	5	6808ff38	1	68052bd5
87	stealChancePitcherWildAdjust	0	0	6808ff3c	1	68052bd5
88	stealChanceOnFirst2OutHighCHThresh	59	60	6808ff40	1	68052bd5
89	stealChanceOnFirst2OutHighCHAdjust	10	10	6808ff44	1	68052bd5
90	stealChanceOnFirst2OutLowCHThresh	39	27	6808ff48	1	68052bd5
91	stealChanceOnFirst2OutLowCHAdjust	-10	-25	6808ff4c	1	68052bd5
92	stealChanceOnFirst01OutHighCHThresh	59	60	6808ff50	1	68052bd5
93	stealChanceOnFirst01OutHighCHAdjust	-5	15	6808ff54	1	68052bd5
94	stealChanceOnFirst01OutLowCHThresh	39	27	6808ff58	1	68052bd5
95	stealChanceOnFirst01OutLowCHAdjust	5	-15	6808ff5c	1	68052bd5
96	stealChanceOnSecond0OutAdjust	-15	-15	6808ff60	1	68052bd5
97	stealChanceOnSecond1OutAdjust	-10	0	6808ff64	1	68052bd5
98	stealChanceOnSecond2OutAdjust	-50	-30	6808ff68	1	68052bd5
99	stealChanceOnSecondHighCHThresh	59	55	6808ff6c	1	68052bd5
100	stealChanceOnSecondHighCHAdjust	-5	5	6808ff70	1	68052bd5
101	stealChanceWayBehindThresh	-3	-3	6808ff74	1	68052bd5
102	stealChanceWayBehindAdjust	-50	-70	6808ff78	1	68052bd5
103	hnrChanceBase	25	25	6808ff7c	1	68053248
104	hnrChance3MoreBehindAdjust	-25	-40	6808ff80	1	68053248
105	hnrChance2BehindAdjust	0	-10	6808ff84	1	68053248
106	hnrChance1AheadAdjust	0	-10	6808ff88	1	68053248
107	hnrChance2MoreAheadAdjust	-10	-40	6808ff8c	1	68053248
108	hnrChanceOn12Adjust	-45	-25	6808ff90	1	68053248
109	hnrChanceSlowSPThresh	39	27	6808ff94	1	68053248
110	hnrChanceMedSPThresh	59	47	6808ff98	1	68053248
111	hnrChanceFastSPThresh	79	74	6808ff9c	1	68053248
112	hnrChanceSlowSPAdjust	-10	-20	6808ffa0	1	68053248
113	hnrChanceMedSPAdjust	0	-10	6808ffa4	1	68053248
114	hnrChanceFastSPAdjust	-5	5	6808ffa8	1	68053248
115	hnrChanceVeryFastSPAdjust	-20	10	6808ffac	1	68053248
116	hnrChanceLowCHThresh	39	27	6808ffb0	1	68053248
117	hnrChanceMedCHThresh	59	47	6808ffb4	1	68053248
118	hnrChanceHighCHThresh	69	74	6808ffb8	1	68053248
119	hnrChanceLowCHAdjust	-40	-20	6808ffbc	1	68053248
120	hnrChanceMedCHAdjust	-10	-10	6808ffc0	1	68053248
121	hnrChanceHighCHAdjust	15	0	6808ffc4	1	68053248
122	hnrChanceVeryHighCHAdjust	30	10	6808ffc8	1	68053248
123	hnrChanceLowPHThresh	39	27	6808ffcc	1	68053248
124	hnrChanceMedPHThresh	59	47	6808ffd0	1	68053248
125	hnrChanceHighPHThresh	79	74	6808ffd4	1	68053248
126	hnrChanceLowPHAdjust	30	10	6808ffd8	1	68053248
127	hnrChanceMedPHAdjust	10	0	6808ffdc	1	68053248
128	hnrChanceHighPHAdjust	-30	-10	6808ffe0	1	68053248
129	hnrChanceVeryHighPHAdjust	-50	-20	6808ffe4	1	68053248
130	hnrChancePitcherWildAdjust	-30	-20	6808ffe8	1	68053248
131	hnrChance3BallsAdjust	10	10	6808ffec	1	68053248
132	hnrChance2StrikesAdjust	-15	-15	6808fff0	1	68053248
133	hnrChanceEvenCountAdjust	0	-5	6808fff4	1	68053248
134	hnrChance01CountAdjust	-15	-15	6808fff8	1	68053248
135	sacChanceMaxCH	69	44	6808fffc	1	680537ad
136	sacChanceMaxPH	39	44	68090000	1	680537ad
137	sacChanceBase	10	7	68090004	1	680537ad
138	sacChancePitcherAdjust	50	15	68090008	1	680537ad
139	sacChance1OutAdjust	-25	-25	6809000c	1	680537ad
140	sacChanceCLAdjust	30	30	68090010	1	680537ad
141	sacChanceCLLowCHThresh	40	14	68090014	1	680537ad
142	sacChanceCLLowPHThresh	40	14	68090018	1	680537ad
143	sacChanceCLLowCHPHAdjust	-25	25	6809001c	1	680537ad
144	sacChanceCL0OutOn12Adjust	30	15	68090020	1	680537ad
145	sacChanceCL1OutODHighCHThresh	59	56	68090024	1	680537ad
146	sacChanceCL1OutODHighPHThresh	49	56	68090028	1	680537ad
147	sacChanceCL1OutODHighAdjust	10	-10	6809002c	1	680537ad
148	sacChancePitcherLowCHThresh	9	19	68090030	1	680537ad
149	sacChancePitcherLowPHThresh	9	19	68090034	1	680537ad
150	sacChancePitcherLowCHPHAdjust	20	50	68090038	1	680537ad
151	squeezeChanceMaxCH	59	27	6809003c	1	68053b36
152	squeezeChanceMaxPH	39	27	68090040	1	68053b36
153	squeezeChanceLowCountAdjust	15	15	68090044	1	68053b36
154	squeezeChanceMedCountAdjust	10	10	68090048	1	68053b36
155	squeezeChanceThirdFastSPThresh	69	69	6809004c	1	68053b36
156	squeezeChanceThirdFastAdjust	10	10	68090050	1	68053b36
157	offManStealChancePct	100	67	68090054	1	68054b0a
158	offManHNRChancePct	100	100	68090058	1	68054b0a
159	offManSacChancePct	100	200	6809005c	1	68054b0a
160	offManSqueezeChancePct	60	100	68090060	1	68054b0a
161	offRatCHPct	100	100	68090064	1	6803e684
162	offRatPHPct	100	100	68090068	1	6803e684
163	slugRatCHPct	100	100	6809006c	1	6803e684
164	slugRatPHPct	100	100	68090070	1	6803e684
165	defRatASPct	100	100	68090074	1	6803e684
166	defRatFAPct	100	100	68090078	1	6803e684
167	warmupSecsPerWarmPitch	30	30	6809007c	1	680447dc
168	warmupSecsPerQuickPitch	15	20	68090080	1	680447dc
169	warmupSecsPerMaintPitch	120	120	68090084	1	680447dc
170	warmupSecsPerCoolPitch	60	60	68090088	1	680447dc
171	warmupSecsBeforeCool	1200	1800	6809008c	1	680447dc
172	pitcherTiredThresh	20	20	68090090	1	68049d61
173	pitcherExhaustedThresh	0	0	68090094	1	68049d61
174	starterToastThreshInn1	-20	-20	68090098	1	6804a357
175	starterToastThreshInn2	-25	-25	6809009c	1	6804a357
176	starterToastThreshInn3	-21	-21	680900a0	1	6804a357
177	starterToastThreshInn4	-17	-17	680900a4	1	6804a357
178	starterToastThreshInn5	-13	-13	680900a8	1	6804a357
179	starterToastThreshInn6	-7	-7	680900ac	1	6804a357
180	starterToastThreshInn7	-1	-1	680900b0	1	6804a357
181	starterToastThreshInn8	5	5	680900b4	1	6804a357
182	starterToastThreshInn9	11	11	680900b8	1	6804a357
183	starterToastThreshPerInn	6	6	680900bc	1	6804a357
184	starterToastThreshAwayAdjust	2	2	680900c0	1	6804a357
185	starterToastThreshFewBullpenPitchesAdjust	-4	-4	680900c4	1	6804a357
186	starterToastThreshManyBullpenPitchesAdjust	4	4	680900c8	1	6804a357
187	pitcherToastPctPitchesLeft	10	10	680900cc	1	6804a64d
188	pitcherToastMaxLead	2	0	680900d0	1	6804a64d
189	pitcherToastMinLead	0	0	680900d4	1	6804a64d
190	phForPitcherBase	-30	-90	680900d8	1	68044cbd
191	phForPitcherEarlyInnAdjust	-50	-50	680900dc	1	68044cbd
192	phForPitcherMiddleInnAdjust	-50	-10	680900e0	1	68044cbd
193	phForPitcherLateInnAdjust	10	10	680900e4	1	68044cbd
194	phForPitcherInn9Adjust	20	20	680900e8	1	68044cbd
195	phForPitcherExtraInnAdjust	50	50	680900ec	1	68044cbd
196	phForPitcherBigLeadAdjust	-70	-30	680900f0	1	68044cbd
197	phForPitcherLeadAdjust	-20	-20	680900f4	1	68044cbd
198	phForPitcherWinRunInScoringPosAdjust	10	10	680900f8	1	68044cbd
199	phForPitcherWinRunOnFirstAdjust	5	5	680900fc	1	68044cbd
200	phForPitcherWinRunAtBatAdjust	5	5	68090100	1	68044cbd
201	phForPitcherWinRunOnDeckAdjust	10	10	68090104	1	68044cbd
202	phForPitcherWinRunInDugoutAdjust	20	20	68090108	1	68044cbd
203	phForPitcherPerOutAdjust	-5	-5	6809010c	1	68044cbd
204	phForPitcherExhaustedAdjust	130	50	68090110	1	68044cbd
205	phForPitcherTiredAdjust	80	25	68090114	1	68044cbd
206	phForPitcherRestedAdjust	0	-50	68090118	1	68044cbd
207	phForPitcherShutoutAdjust	-50	-30	6809011c	1	68044cbd
208	phForPitcherNoHitterAdjust	-100	-60	68090120	1	68044cbd
209	phForPitcherPerBPPitcherAdjust	5	10	68090124	1	68044cbd
210	phForPitcherPerBenchPlayerAdjust	5	10	68090128	1	68044cbd
211	phForPitcherPerInjuryPointAdjust	5	5	6809012c	1	68044cbd
212	phForHitBase	-40	-40	68090130	1	68044cbd
213	phForHitLateInnAdjust	-15	-15	68090134	1	68044cbd
214	phForHitInn9Adjust	-10	-10	68090138	1	68044cbd
215	phForHitExtraInnAdjust	-5	-5	6809013c	1	68044cbd
216	phForHitAwayAdjust	-15	-15	68090140	1	68044cbd
217	phForHitHomeAdjust	-20	-20	68090144	1	68044cbd
218	phForHitBigLeadAdjust	-30	-30	68090148	1	68044cbd
219	phForHitLeadAdjust	-20	-20	6809014c	1	68044cbd
220	phForHitWinRunInScoringPosAdjust	-5	-5	68090150	1	68044cbd
221	phForHitWinRunOnFirstAdjust	5	5	68090154	1	68044cbd
222	phForHitWinRunAtBatAdjust	10	10	68090158	1	68044cbd
223	phForHitWinRunOnDeckAdjust	10	10	6809015c	1	68044cbd
224	phForHitWinRunInDugoutAdjust	0	0	68090160	1	68044cbd
225	phForHitPerOutAdjust	-5	-5	68090164	1	68044cbd
226	phForHitPerBenchPlayerAdjust	10	10	68090168	1	68044cbd
227	phForHitPerInjuryPointAdjust	5	5	6809016c	1	68044cbd
228	phForHitVeryHighBatRatThresh	60	60	68090170	1	68044cbd
229	phForHitHighBatRatThresh	38	38	68090174	1	68044cbd
230	phForHitMedBatRatThresh	28	28	68090178	1	68044cbd
231	phForHitLowBatRatThresh	14	14	6809017c	1	68044cbd
232	phForHitVeryHighBatRatAdjust	-100	-100	68090180	1	68044cbd
233	phForHitHighBatRatAdjust	-50	-50	68090184	1	68044cbd
234	phForHitMedBatRatAdjust	0	0	68090188	1	68044cbd
235	phForHitLowBatRatAdjust	20	20	6809018c	1	68044cbd
236	phForHitVeryLowBatRatAdjust	50	50	68090190	1	68044cbd
237	phForHitVeryHighODRatThresh	60	60	68090194	1	68044cbd
238	phForHitHighODRatThresh	38	38	68090198	1	68044cbd
239	phForHitMedODRatThresh	28	28	6809019c	1	68044cbd
240	phForHitLowODRatThresh	14	14	680901a0	1	68044cbd
241	phForHitVeryHighODRatAdjust	-10	-10	680901a4	1	68044cbd
242	phForHitHighODRatAdjust	-5	-5	680901a8	1	68044cbd
243	phForHitMedODRatAdjust	0	0	680901ac	1	68044cbd
244	phForHitLowODRatAdjust	5	5	680901b0	1	68044cbd
245	phForHitVeryLowODRatAdjust	10	10	680901b4	1	68044cbd
246	phForHitVeryHighPHBatDiffRatThresh	15	15	680901b8	1	68044cbd
247	phForHitHighPHBatDiffRatThresh	5	5	680901bc	1	68044cbd
248	phForHitMedPHBatDiffRatThresh	-5	-5	680901c0	1	68044cbd
249	phForHitLowPHBatDiffRatThresh	-15	-15	680901c4	1	68044cbd
250	phForHitVeryHighPHBatDiffRatAdjust	50	50	680901c8	1	68044cbd
251	phForHitHighPHBatDiffRatAdjust	25	25	680901cc	1	68044cbd
252	phForHitMedPHBatDiffRatAdjust	0	0	680901d0	1	68044cbd
253	phForHitLowPHBatDiffRatAdjust	-50	-50	680901d4	1	68044cbd
254	phForHitVeryLowPHBatDiffRatAdjust	-100	-100	680901d8	1	68044cbd
255	phForHitBatPlatAdvAdjust	-10	-10	680901dc	1	68044cbd
256	phForHitPHPlatAdvAdjust	30	30	680901e0	1	68044cbd
257	phForRunBase	-50	-50	680901e4	1	68044cbd
258	phForRunLateInnAdjust	-15	-15	680901e8	1	68044cbd
259	phForRunInn9Adjust	-10	-10	680901ec	1	68044cbd
260	phForRunExtraInnAdjust	-5	-5	680901f0	1	68044cbd
261	phForRunAwayAdjust	-20	-20	680901f4	1	68044cbd
262	phForRunHomeAdjust	-15	-15	680901f8	1	68044cbd
263	phForRunBigLeadAdjust	-50	-50	680901fc	1	68044cbd
264	phForRunLeadAdjust	-10	-10	68090200	1	68044cbd
265	phForRunWinRunInScoringPosAdjust	10	10	68090204	1	68044cbd
266	phForRunWinRunOnFirstAdjust	5	5	68090208	1	68044cbd
267	phForRunWinRunAtBatAdjust	5	5	6809020c	1	68044cbd
268	phForRunWinRunOnDeckAdjust	-5	-5	68090210	1	68044cbd
269	phForRunWinRunInDugoutAdjust	-10	-10	68090214	1	68044cbd
270	phForRunPerOutAdjust	5	5	68090218	1	68044cbd
271	phForRunPerBenchPlayerAdjust	10	10	6809021c	1	68044cbd
272	phForRunPerInjuryPointAdjust	5	5	68090220	1	68044cbd
273	phForRunVeryHighBatRatThresh	60	60	68090224	1	68044cbd
274	phForRunHighBatRatThresh	38	38	68090228	1	68044cbd
275	phForRunMedBatRatThresh	28	28	6809022c	1	68044cbd
276	phForRunLowBatRatThresh	14	14	68090230	1	68044cbd
277	phForRunVeryHighBatRatAdjust	-100	-100	68090234	1	68044cbd
278	phForRunHighBatRatAdjust	-50	-50	68090238	1	68044cbd
279	phForRunMedBatRatAdjust	0	0	6809023c	1	68044cbd
280	phForRunLowBatRatAdjust	20	20	68090240	1	68044cbd
281	phForRunVeryLowBatRatAdjust	50	50	68090244	1	68044cbd
282	phForRunVeryHighODRatThresh	60	60	68090248	1	68044cbd
283	phForRunHighODRatThresh	38	38	6809024c	1	68044cbd
284	phForRunMedODRatThresh	28	28	68090250	1	68044cbd
285	phForRunLowODRatThresh	14	14	68090254	1	68044cbd
286	phForRunVeryHighODRatAdjust	-10	-10	68090258	1	68044cbd
287	phForRunHighODRatAdjust	-5	-5	6809025c	1	68044cbd
288	phForRunMedODRatAdjust	0	0	68090260	1	68044cbd
289	phForRunLowODRatAdjust	5	5	68090264	1	68044cbd
290	phForRunVeryLowODRatAdjust	10	10	68090268	1	68044cbd
291	phForRunVeryHighPHBatDiffRatThresh	15	15	6809026c	1	68044cbd
292	phForRunHighPHBatDiffRatThresh	5	5	68090270	1	68044cbd
293	phForRunMedPHBatDiffRatThresh	-5	-5	68090274	1	68044cbd
294	phForRunLowPHBatDiffRatThresh	-15	-15	68090278	1	68044cbd
295	phForRunVeryHighPHBatDiffRatAdjust	50	50	6809027c	1	68044cbd
296	phForRunHighPHBatDiffRatAdjust	25	25	68090280	1	68044cbd
297	phForRunMedPHBatDiffRatAdjust	0	0	68090284	1	68044cbd
298	phForRunLowPHBatDiffRatAdjust	-50	-50	68090288	1	68044cbd
299	phForRunVeryLowPHBatDiffRatAdjust	-100	-100	6809028c	1	68044cbd
300	phForRunBatPlatAdvAdjust	-10	-10	68090290	1	68044cbd
301	phForRunPHPlatAdvAdjust	30	30	68090294	1	68044cbd
302	prChanceOnFirstBase	-50	-50	68090298	1	680460cc
303	prChanceOnSecondBase	-60	-60	6809029c	1	680460cc
304	prChanceOnThirdBase	-70	-70	680902a0	1	680460cc
305	prChanceWinningRun	20	20	680902a4	1	680460cc
306	prChanceTyingRun	10	10	680902a8	1	680460cc
307	prChanceInsignificant	-100	-100	680902ac	1	680460cc
308	prChancePerOutAdjust	-5	-5	680902b0	1	680460cc
309	prChanceEarlyInnAdjust	-50	-50	680902b4	1	680460cc
310	prChanceMidInnAdjust	-30	-30	680902b8	1	680460cc
311	prChanceLateInnAdjust	0	0	680902bc	1	680460cc
312	prChanceInn9Adjust	10	10	680902c0	1	680460cc
313	prChanceExtraInnAdjust	20	20	680902c4	1	680460cc
314	prChancePerBenchPlayerAdjust	10	10	680902c8	1	680460cc
315	prChanceVeryFastSPThresh	75	75	680902cc	1	680460cc
316	prChanceFastSPThresh	49	49	680902d0	1	680460cc
317	prChanceMedSPThresh	28	28	680902d4	1	680460cc
318	prChanceSlowSPThresh	14	14	680902d8	1	680460cc
319	prChanceVeryFastSPAdjust	-100	-100	680902dc	1	680460cc
320	prChanceFastSPAdjust	-50	-50	680902e0	1	680460cc
321	prChanceMedSPAdjust	0	0	680902e4	1	680460cc
322	prChanceSlowSPAdjust	10	10	680902e8	1	680460cc
323	prChanceVerySlowSPAdjust	20	20	680902ec	1	680460cc
324	prChanceVeryFastPRThresh	75	75	680902f0	1	680460cc
325	prChanceFastPRThresh	49	49	680902f4	1	680460cc
326	prChanceMedPRThresh	28	28	680902f8	1	680460cc
327	prChanceSlowPRThresh	14	14	680902fc	1	680460cc
328	prChanceVeryFastPRAdjust	20	20	68090300	1	680460cc
329	prChanceFastPRAdjust	10	10	68090304	1	680460cc
330	prChanceMedPRAdjust	0	0	68090308	1	680460cc
331	prChanceSlowPRAdjust	-50	-50	6809030c	1	680460cc
332	prChanceVerySlowPRAdjust	-100	-100	68090310	1	680460cc
333	prChancePerInjuryPointAdjust	5	5	68090314	1	680460cc
334	defSubBase	15	15	68090318	1	6804684c
335	defSubBeforeInn7Adjust	-15	-15	6809031c	1	6804684c
336	defSubInn7Adjust	5	5	68090320	1	6804684c
337	defSubInn8Adjust	10	10	68090324	1	6804684c
338	defSubAfterInn8Adjust	15	15	68090328	1	6804684c
339	defSubVeryHighCurrDefThresh	75	75	6809032c	1	6804684c
340	defSubHighCurrDefThresh	49	49	68090330	1	6804684c
341	defSubMedCurrDefThresh	28	28	68090334	1	6804684c
342	defSubLowCurrDefThresh	14	14	68090338	1	6804684c
343	defSubVeryHighCurrDefAdjust	-100	-100	6809033c	1	6804684c
344	defSubHighCurrDefAdjust	-50	-50	68090340	1	6804684c
345	defSubMedCurrDefAdjust	0	0	68090344	1	6804684c
346	defSubLowCurrDefAdjust	20	20	68090348	1	6804684c
347	defSubVeryLowCurrDefAdjust	50	50	6809034c	1	6804684c
348	defSubVeryHighNewDefThresh	75	75	68090350	1	6804684c
349	defSubHighNewDefThresh	49	49	68090354	1	6804684c
350	defSubMedNewDefThresh	28	28	68090358	1	6804684c
351	defSubLowNewDefThresh	14	14	6809035c	1	6804684c
352	defSubVeryHighNewDefAdjust	50	50	68090360	1	6804684c
353	defSubHighNewDefAdjust	20	20	68090364	1	6804684c
354	defSubMedNewDefAdjust	0	0	68090368	1	6804684c
355	defSubLowNewDefAdjust	-50	-50	6809036c	1	6804684c
356	defSubVeryLowNewDefAdjust	-100	-100	68090370	1	6804684c
357	defSubNoPrimaryPosAdjust	-10	-10	68090374	1	6804684c
358	defSubNoQualifiedPosAdjust	-25	-25	68090378	1	6804684c
359	defSubPerInjuryPointAdjust	5	5	6809037c	1	6804684c
360	doubleSwitchBase	0	0	68090380	1	68047511
361	doubleSwitchPitcherDueAdjust	25	25	68090384	1	68047511
362	doubleSwitchPHAdjust	25	25	68090388	1	68047511
363	doubleSwitchNoPrimaryPosAdjust	-10	-10	6809038c	1	68047511
364	doubleSwitchNoQualifiedPosAdjust	-25	-25	68090390	1	68047511
365	doubleSwitchVeryHighCurrDefThresh	75	75	68090394	1	68047511
366	doubleSwitchHighCurrDefThresh	49	49	68090398	1	68047511
367	doubleSwitchMedCurrDefThresh	28	28	6809039c	1	68047511
368	doubleSwitchLowCurrDefThresh	14	14	680903a0	1	68047511
369	doubleSwitchVeryHighCurrDefAdjust	-100	-100	680903a4	1	68047511
370	doubleSwitchHighCurrDefAdjust	-50	-50	680903a8	1	68047511
371	doubleSwitchMedCurrDefAdjust	0	0	680903ac	1	68047511
372	doubleSwitchLowCurrDefAdjust	20	20	680903b0	1	68047511
373	doubleSwitchVeryLowCurrDefAdjust	50	50	680903b4	1	68047511
374	doubleSwitchVeryHighNewDefThresh	75	75	680903b8	1	68047511
375	doubleSwitchHighNewDefThresh	49	49	680903bc	1	68047511
376	doubleSwitchMedNewDefThresh	28	28	680903c0	1	68047511
377	doubleSwitchLowNewDefThresh	14	14	680903c4	1	68047511
378	doubleSwitchVeryHighNewDefAdjust	50	50	680903c8	1	68047511
379	doubleSwitchHighNewDefAdjust	20	20	680903cc	1	68047511
380	doubleSwitchMedNewDefAdjust	0	0	680903d0	1	68047511
381	doubleSwitchLowNewDefAdjust	-50	-50	680903d4	1	68047511
382	doubleSwitchVeryLowNewDefAdjust	-100	-100	680903d8	1	68047511
383	rollFrictionGrass	9	12	680903dc	1	6803aad7
384	rollFrictionTurf	7	10	680903e0	1	6803aad7
385	sureStrikeDist	3	3	680903e4	1	6802ef90
386	closeStrikeDist	5	4	680903e8	1	6802ef90
387	closeBallDist	5	5	680903ec	1	6802ef90
388	fbSpeedBase	75	70	680903f0	1	6802d9c9
389	fbSpeedRange	5	2	680903f4	1	6802d9c9
390	fbSpeedASPct	20	30	680903f8	1	6802d9c9
391	cbSpeedBase	60	55	680903fc	1	6802d9c9
392	cbSpeedRange	5	2	68090400	1	6802d9c9
393	cbSpeedASPct	25	30	68090404	1	6802d9c9
394	cuSpeedBase	68	50	68090408	1	6802d9c9
395	cuSpeedRange	8	2	6809040c	1	6802d9c9
396	cuSpeedASPct	15	30	68090410	1	6802d9c9
397	slSpeedBase	63	63	68090414	1	6802d9c9
398	slSpeedRange	5	2	68090418	1	6802d9c9
399	slSpeedASPct	25	30	6809041c	1	6802d9c9
400	sbSpeedBase	60	55	68090420	1	6802d9c9
401	sbSpeedRange	10	2	68090424	1	6802d9c9
402	sbSpeedASPct	20	30	68090428	1	6802d9c9
403	kbSpeedBase	50	65	6809042c	1	6802d9c9
404	kbSpeedRange	15	2	68090430	1	6802d9c9
405	kbSpeedASPct	10	0	68090434	1	6802d9c9
406	siSpeedBase	63	64	68090438	1	6802d9c9
407	siSpeedRange	8	2	6809043c	1	6802d9c9
408	siSpeedASPct	25	30	68090440	1	6802d9c9
409	stSpeedBase	69		68090444	1	6802d9c9
410	stSpeedRange	0		68090448	1	6802d9c9
411	stSpeedASPct	0		6809044c	1	6802d9c9
412	fbControlBoxWidth	1	1	68090450	1	6802d9c9
413	fbControlBoxHeight	1	1	68090454	1	6802d9c9
414	cbControlBoxWidth	1	1	68090458	1	6802d9c9
415	cbControlBoxHeight	1	1	6809045c	1	6802d9c9
416	cuControlBoxWidth	1	1	68090460	1	6802d9c9
417	cuControlBoxHeight	1	1	68090464	1	6802d9c9
418	slControlBoxWidth	1	1	68090468	1	6802d9c9
419	slControlBoxHeight	1	1	6809046c	1	6802d9c9
420	sbControlBoxWidth	1	1	68090470	1	6802d9c9
421	sbControlBoxHeight	1	1	68090474	1	6802d9c9
422	kbControlBoxWidth	2	1	68090478	1	6802d9c9
423	kbControlBoxHeight	2	1	6809047c	1	6802d9c9
424	siControlBoxWidth	1	1	68090480	1	6802d9c9
425	siControlBoxHeight	1	1	68090484	1	6802d9c9
426	stControlBoxWidth	1		68090488	1	6802d9c9
427	stControlBoxHeight	1		6809048c	1	6802d9c9
428	fbBreakBaseWidth	0	0	68090490	1	6802d9c9
429	fbBreakBaseHeight	0	0	68090494	1	6802d9c9
430	fbBreakRangeWidth	0	0	68090498	1	6802d9c9
431	fbBreakRangeHeight	1	0	6809049c	1	6802d9c9
432	cbBreakBaseWidth	2	2	680904a0	1	6802d9c9
433	cbBreakBaseHeight	-3	-5	680904a4	1	6802d9c9
434	cbBreakRangeWidth	4	2	680904a8	1	6802d9c9
435	cbBreakRangeHeight	-4	-1	680904ac	1	6802d9c9
436	cuBreakBaseWidth	0	0	680904b0	1	6802d9c9
437	cuBreakBaseHeight	0	-3	680904b4	1	6802d9c9
438	cuBreakRangeWidth	0	0	680904b8	1	6802d9c9
439	cuBreakRangeHeight	-1	-2	680904bc	1	6802d9c9
440	slBreakBaseWidth	1	1	680904c0	1	6802d9c9
441	slBreakBaseHeight	-1	0	680904c4	1	6802d9c9
442	slBreakRangeWidth	3	2	680904c8	1	6802d9c9
443	slBreakRangeHeight	-3	-1	680904cc	1	6802d9c9
444	sbBreakBaseWidth	-2	-2	680904d0	1	6802d9c9
445	sbBreakBaseHeight	-2	-4	680904d4	1	6802d9c9
446	sbBreakRangeWidth	-2	-2	680904d8	1	6802d9c9
447	sbBreakRangeHeight	-3	-1	680904dc	1	6802d9c9
448	kbBreakBaseWidth	2	0	680904e0	1	6802d9c9
449	kbBreakBaseHeight	2	-4	680904e4	1	6802d9c9
450	kbBreakRangeWidth	-4	2	680904e8	1	6802d9c9
451	kbBreakRangeHeight	-6	-2	680904ec	1	6802d9c9
452	siBreakBaseWidth	0	0	680904f0	1	6802d9c9
453	siBreakBaseHeight	-2	-2	680904f4	1	6802d9c9
454	siBreakRangeWidth	0	0	680904f8	1	6802d9c9
455	siBreakRangeHeight	-4	-1	680904fc	1	6802d9c9
456	stBreakBaseWidth	0		68090500	1	6802d9c9
457	stBreakBaseHeight	0		68090504	1	6802d9c9
458	stBreakRangeWidth	0		68090508	1	6802d9c9
459	stBreakRangeHeight	0		6809050c	1	6802d9c9
460	catchBaseChance	90	90	68090510	1	68014f7b
461	catchFADiv	10	7	68090514	1	68014f7b
462	catchChanceDiving	-60	-40	68090518	1	68014f7b
463	catchChanceLeaping	-60	-15	6809051c	1	68014f7b
464	catchChanceLessThan1Sec	-10	-10	68090520	1	68014f7b
465	catchChancePerTenth	-3	-1	68090524	1	68014f7b
466	catchChancePitcherAdjust	0	-10	68090528	1	68023dd3
467	catchChanceCatcherAdjust	2	10	6809052c	1	68023dd3
468	catchChanceFirstBaseAdjust	4	0	68090530	1	68023dd3
469	catchChanceSecondBaseAdjust	3	0	68090534	1	68023dd3
470	catchChanceThirdBaseAdjust	1	0	68090538	1	68023dd3
471	catchChanceShortStopAdjust	2	0	6809053c	1	68023dd3
472	catchChanceLeftFieldAdjust	4	5	68090540	1	68023dd3
473	catchChanceCenterFieldAdjust	4	5	68090544	1	68023dd3
474	catchChanceRightFieldAdjust	4	5	68090548	1	68023dd3
475	delayBasePitcher	16	12	6809054c	1	68023dd3
476	delayBaseCatcher	20	12	68090550	1	68023dd3
477	delayBaseFirstBase	16	10	68090554	1	68023dd3
478	delayBaseSecondBase	18	13	68090558	1	68023dd3
479	delayBaseThirdBase	16	10	6809055c	1	68023dd3
480	delayBaseShortStop	18	13	68090560	1	68023dd3
481	delayBaseLeftField	18	25	68090564	1	68023dd3
482	delayBaseCenterField	18	25	68090568	1	68023dd3
483	delayBaseRightField	18	25	6809056c	1	68023dd3
484	delayFAPctPitcher	-8	-8	68090570	1	68023dd3
485	delayFAPctCatcher	-16	-4	68090574	1	68023dd3
486	delayFAPctFirstBase	-12	-6	68090578	1	68023dd3
487	delayFAPctSecondBase	-14	-6	6809057c	1	68023dd3
488	delayFAPctThirdBase	-12	-6	68090580	1	68023dd3
489	delayFAPctShortStop	-14	-6	68090584	1	68023dd3
490	delayFAPctLeftField	-14	-9	68090588	1	68023dd3
491	delayFAPctCenterField	-14	-9	6809058c	1	68023dd3
492	delayFAPctRightField	-14	-9	68090590	1	68023dd3
493	maxThrowDistBase	100	190	68090594	2	6805db11,6805dd30
494	maxThrowDistASPct	200	100	68090598	2	6805db11,6805dd30
495	goodThrowBase	90	63	6809059c	1	6805dd30
496	goodThrowFAPct	10	40	680905a0	1	6805dd30
497	goodThrowChancePitcher	-2	10	680905a4	1	68023dd3
498	goodThrowChanceCatcher	-3	-20	680905a8	1	68023dd3
499	goodThrowChanceFirstBase	0	10	680905ac	1	68023dd3
500	goodThrowChanceSecondBase	5	10	680905b0	1	68023dd3
501	goodThrowChanceThirdBase	-4	0	680905b4	1	68023dd3
502	goodThrowChanceShortStop	0	10	680905b8	1	68023dd3
503	goodThrowChanceLeftField	-8	-10	680905bc	1	68023dd3
504	goodThrowChanceCenterField	-8	-10	680905c0	1	68023dd3
505	goodThrowChanceRightField	-8	-10	680905c4	1	68023dd3
506	idRatingBase	20	44	680905c8	1	6800d44f
507	idRatingCHPct	100	90	680905cc	1	6800d44f
508	idRatingExpPct	90	80	680905d0	1	6800d44f
509	idRatingPitchRatPct	100	100	680905d4	1	6800d44f
510	idRatingTypeWeight	100	100	680905d8	1	6800d51a
511	idRatingLocWeight	100	100	680905dc	1	6800d6be
512	idRatingTimingWeight	100	100	680905e0	1	6800da34
513	timingVeryBadThresh	50	55	680905e4	1	6800da34
514	timingVeryBadCount	1	7	680905e8	1	6800da34
515	timingVeryBadFaces	80	16	680905ec	1	6800da34
516	timingVeryBadBase	-41	-59	680905f0	1	6800da34
517	timingBadThresh	65	70	680905f4	1	6800da34
518	timingBadCount	2	7	680905f8	1	6800da34
519	timingBadFaces	40	16	680905fc	1	6800da34
520	timingBadBase	-41	-59	68090600	1	6800da34
521	timingMedThresh	72	80	68090604	1	6800da34
522	timingMedCount	3	7	68090608	1	6800da34
523	timingMedFaces	25	15	6809060c	1	6800da34
524	timingMedBase	-39	-56	68090610	1	6800da34
525	timingGoodThresh	80	86	68090614	1	6800da34
526	timingGoodCount	4	7	68090618	1	6800da34
527	timingGoodFaces	19	15	6809061c	1	6800da34
528	timingGoodBase	-40	-56	68090620	1	6800da34
529	timingVeryGoodCount	5	9	68090624	1	6800da34
530	timingVeryGoodFaces	14	13	68090628	1	6800da34
531	timingVeryGoodBase	-38	-63	6809062c	1	6800da34
532	timingBuntCount	1		68090630	1	6800da34
533	timingBuntFaces	30		68090634	1	6800da34
534	timingBuntBase	-15		68090638	1	6800da34
535	lookPrimaryType00CountAdjust	10	0	6809063c	1	6800a7ad
536	lookPrimaryType01CountAdjust	0	0	68090640	1	6800a7ad
537	lookPrimaryType02CountAdjust	0	0	68090644	1	6800a7ad
538	lookPrimaryType10CountAdjust	10	0	68090648	1	6800a7ad
539	lookPrimaryType11CountAdjust	0	0	6809064c	1	6800a7ad
540	lookPrimaryType12CountAdjust	0	0	68090650	1	6800a7ad
541	lookPrimaryType20CountAdjust	20	0	68090654	1	6800a7ad
542	lookPrimaryType21CountAdjust	0	0	68090658	1	6800a7ad
543	lookPrimaryType22CountAdjust	0	0	6809065c	1	6800a7ad
544	lookPrimaryType30CountAdjust	30	0	68090660	1	6800a7ad
545	lookPrimaryType31CountAdjust	15	0	68090664	1	6800a7ad
546	lookPrimaryType32CountAdjust	0	0	68090668	1	6800a7ad
547	lookBestType00CountAdjust	0	0	6809066c	1	6800a7ad
548	lookBestType01CountAdjust	10	0	68090670	1	6800a7ad
549	lookBestType02CountAdjust	20	0	68090674	1	6800a7ad
550	lookBestType10CountAdjust	0	0	68090678	1	6800a7ad
551	lookBestType11CountAdjust	0	0	6809067c	1	6800a7ad
552	lookBestType12CountAdjust	20	0	68090680	1	6800a7ad
553	lookBestType20CountAdjust	0	0	68090684	1	6800a7ad
554	lookBestType21CountAdjust	0	0	68090688	1	6800a7ad
555	lookBestType22CountAdjust	10	0	6809068c	1	6800a7ad
556	lookBestType30CountAdjust	0	15	68090690	1	6800a7ad
557	lookBestType31CountAdjust	0	15	68090694	1	6800a7ad
558	lookBestType32CountAdjust	0	0	68090698	1	6800a7ad
559	disciplineRatingBase	0	0	6809069c	1	6800dcc4
560	disciplineRatingPct	100	100	680906a0	1	6800dcc4
561	disciplineRatingCHPct	60	150	680906a4	1	6800dcc4
562	disciplineRatingExpPct	50	100	680906a8	1	6800dcc4
563	disciplineRatingNoPitchesAdjust	20	0	680906ac	1	6800dcc4
564	disciplineRatingScoringPosAdjust	0	0	680906b0	1	6800dcc4
565	disciplineRatingOnThird01OutsAdjust	0	0	680906b4	1	6800dcc4
566	disciplineRatingPlusZoneAdjust	0	-10	680906b8	1	6800dcc4
567	disciplineRatingMinusZoneAdjust	-30	-35	680906bc	1	6800dcc4
568	disciplineRatingLocNextToLookAdjust	-50	-10	680906c0	1	6800dcc4
569	disciplineRatingFBDownMiddleAdjust	-40	-45	680906c4	1	6800dcc4
570	disciplineRating00CountAdjust	0	0	680906c8	1	6800a7ad
571	disciplineRating01CountAdjust	10	30	680906cc	1	6800a7ad
572	disciplineRating02CountAdjust	-10	10	680906d0	1	6800a7ad
573	disciplineRating10CountAdjust	10	-10	680906d4	1	6800a7ad
574	disciplineRating11CountAdjust	10	10	680906d8	1	6800a7ad
575	disciplineRating12CountAdjust	-20	0	680906dc	1	6800a7ad
576	disciplineRating20CountAdjust	-5	-5	680906e0	1	6800a7ad
577	disciplineRating21CountAdjust	0	5	680906e4	1	6800a7ad
578	disciplineRating22CountAdjust	-10	10	680906e8	1	6800a7ad
579	disciplineRating30CountAdjust	50	55	680906ec	1	6800a7ad
580	disciplineRating31CountAdjust	30	0	680906f0	1	6800a7ad
581	disciplineRating32CountAdjust	10	10	680906f4	1	6800a7ad
582	adjustUnitsCHPct	40	100	680906f8	1	6800e5db
583	adjustUnitsPowerPct	20	75	680906fc	1	6800e5db
584	adjustUnitsNormalPct	100		68090700	1	6800e5db
585	adjustUnitsContactPct	70	150	68090704	1	6800e5db
586	adjustUnitsBuntPct	500		68090708	1	6800e5db
587	adjustUnitsPowerAdjust	0		6809070c	1	6800e5db
588	adjustUnitsNormalAdjust	0		68090710	1	6800e5db
589	adjustUnitsContactAdjust	0		68090714	1	6800e5db
590	adjustUnitsBuntAdjust	999		68090718	1	6800e5db
591	checkChanceBasePower	30	100	6809071c	1	6800a7ad
592	checkChanceBaseNormal	50	200	68090720	1	6800a7ad
593	checkChanceBaseContact	40	300	68090724	1	6800a7ad
594	checkChanceBaseBunt	100	100	68090728	1	6800a7ad
595	checkChanceCHPctPower	10	200	6809072c	1	6800a7ad
596	checkChanceCHPctNormal	20	240	68090730	1	6800a7ad
597	checkChanceCHPctContact	20	280	68090734	1	6800a7ad
598	checkChanceCHPctBunt	30	0	68090738	1	6800a7ad
599	swingSpeedBase	71	61	6809073c	1	6800b36e
600	swingSpeedPHPct	8	10	68090740	1	6800b36e
601	swingSpeedPowerAdjust	10	5	68090744	1	6800a7ad
602	swingSpeedNormalAdjust	0	0	68090748	1	6800a7ad
603	swingSpeedContactAdjust	-15	-5	6809074c	1	6800a7ad
604	swingSpeedBuntAdjust	-100	-70	68090750	1	6800a7ad
605	swingAngleTenthDegreesBase	70	44	68090754	1	6800b36e
606	swingAngleTenthDegreesRange	5	0	68090758	1	6800b36e
607	swingAngleTenthDegreesGFPct	30	95	6809075c	1	6800b36e
608	swingAngleTenthDegreesPowerAdjust	50	0	68090760	1	6800b36e
609	swingAngleTenthDegreesNormalAdjust	0		68090764	1	6800b36e
610	swingAngleTenthDegreesContactAdjust	-50	0	68090768	1	6800b36e
611	swingAngleTenthDegreesBuntAdjust	0		6809076c	1	6800b36e
612	swingAngleTenthDegreesHighAdjust	100	20	68090770	1	6800b36e
613	swingAngleTenthDegreesLowAdjust	-50	-20	68090774	1	6800b36e
614	swingAngleTenthDegreesOutsideAdjust	0	0	68090778	1	6800b36e
615	swingAngleTenthDegreesInsideAdjust	0		6809077c	1	6800b36e
616	tiredPitchRatPct	90	90	68090780	1	6803122b
617	tiredASPct	90	90	68090784	1	6803122b
618	exhaustedPitchRatPct	75	75	68090788	1	6803122b
619	exhaustedASPct	75	75	6809078c	1	6803122b
620	nonEstablishedPitchTypeAdjust	10	0	68090790	1	68030a6f
621	primaryPitchTypeAdjust	40	50	68090794	1	68030a6f
622	effCOPct	70	86	68090798	1	6803122b
623	effMOPct	100	100	6809079c	1	6803122b
624	controlBoxIncreaseEffCOPct	30	15	680907a0	1	6803122b
625	speedReductionBase	0	3	680907a4	1	6803122b
626	speedReductionRange	6	3	680907a8	1	6803122b
627	speedReductionEffMOPct	5	5	680907ac	1	6803122b
628	pitchObj00CountEstablishWeight	0	0	680907b0	1	6802fe35
629	pitchObj00CountOutsideWeight	25	40	680907b4	1	6802fe35
630	pitchObj00CountBestWeight	0	0	680907b8	1	6802fe35
631	pitchObj00CountBestCenterWeight	0	0	680907bc	1	6802fe35
632	pitchObj00CountFastCenterWeight	0	0	680907c0	1	6802fe35
633	pitchObj00CountPlusWeight	75	60	680907c4	1	6802fe35
634	pitchObj01CountEstablishWeight	0	0	680907c8	1	6802fe35
635	pitchObj01CountOutsideWeight	30	46	680907cc	1	6802fe35
636	pitchObj01CountBestWeight	0	15	680907d0	1	6802fe35
637	pitchObj01CountBestCenterWeight	0	0	680907d4	1	6802fe35
638	pitchObj01CountFastCenterWeight	0	0	680907d8	1	6802fe35
639	pitchObj01CountPlusWeight	70	39	680907dc	1	6802fe35
640	pitchObj02CountEstablishWeight	0	0	680907e0	1	6802fe35
641	pitchObj02CountOutsideWeight	60	52	680907e4	1	6802fe35
642	pitchObj02CountBestWeight	25	20	680907e8	1	6802fe35
643	pitchObj02CountBestCenterWeight	0	5	680907ec	1	6802fe35
644	pitchObj02CountFastCenterWeight	0	0	680907f0	1	6802fe35
645	pitchObj02CountPlusWeight	15	23	680907f4	1	6802fe35
646	pitchObj10CountEstablishWeight	0	0	680907f8	1	6802fe35
647	pitchObj10CountOutsideWeight	0	25	680907fc	1	6802fe35
648	pitchObj10CountBestWeight	50	10	68090800	1	6802fe35
649	pitchObj10CountBestCenterWeight	0	0	68090804	1	6802fe35
650	pitchObj10CountFastCenterWeight	0	5	68090808	1	6802fe35
651	pitchObj10CountPlusWeight	50	60	6809080c	1	6802fe35
652	pitchObj11CountEstablishWeight	0	0	68090810	1	6802fe35
653	pitchObj11CountOutsideWeight	25	40	68090814	1	6802fe35
654	pitchObj11CountBestWeight	0	0	68090818	1	6802fe35
655	pitchObj11CountBestCenterWeight	0	0	6809081c	1	6802fe35
656	pitchObj11CountFastCenterWeight	0	0	68090820	1	6802fe35
657	pitchObj11CountPlusWeight	75	60	68090824	1	6802fe35
658	pitchObj12CountEstablishWeight	0	0	68090828	1	6802fe35
659	pitchObj12CountOutsideWeight	40	38	6809082c	1	6802fe35
660	pitchObj12CountBestWeight	35	15	68090830	1	6802fe35
661	pitchObj12CountBestCenterWeight	0	10	68090834	1	6802fe35
662	pitchObj12CountFastCenterWeight	0	5	68090838	1	6802fe35
663	pitchObj12CountPlusWeight	25	32	6809083c	1	6802fe35
664	pitchObj20CountEstablishWeight	0	0	68090840	1	6802fe35
665	pitchObj20CountOutsideWeight	0	25	68090844	1	6802fe35
666	pitchObj20CountBestWeight	0	5	68090848	1	6802fe35
667	pitchObj20CountBestCenterWeight	40	5	6809084c	1	6802fe35
668	pitchObj20CountFastCenterWeight	20	15	68090850	1	6802fe35
669	pitchObj20CountPlusWeight	40	50	68090854	1	6802fe35
670	pitchObj21CountEstablishWeight	0	0	68090858	1	6802fe35
671	pitchObj21CountOutsideWeight	0	20	6809085c	1	6802fe35
672	pitchObj21CountBestWeight	25	5	68090860	1	6802fe35
673	pitchObj21CountBestCenterWeight	10	10	68090864	1	6802fe35
674	pitchObj21CountFastCenterWeight	10	15	68090868	1	6802fe35
675	pitchObj21CountPlusWeight	55	50	6809086c	1	6802fe35
676	pitchObj22CountEstablishWeight	0	0	68090870	1	6802fe35
677	pitchObj22CountOutsideWeight	15	25	68090874	1	6802fe35
678	pitchObj22CountBestWeight	30	15	68090878	1	6802fe35
679	pitchObj22CountBestCenterWeight	0	15	6809087c	1	6802fe35
680	pitchObj22CountFastCenterWeight	0	15	68090880	1	6802fe35
681	pitchObj22CountPlusWeight	55	30	68090884	1	6802fe35
682	pitchObj30CountEstablishWeight	0	0	68090888	1	6802fe35
683	pitchObj30CountOutsideWeight	0	35	6809088c	1	6802fe35
684	pitchObj30CountBestWeight	0	0	68090890	1	6802fe35
685	pitchObj30CountBestCenterWeight	30	15	68090894	1	6802fe35
686	pitchObj30CountFastCenterWeight	70	35	68090898	1	6802fe35
687	pitchObj30CountPlusWeight	0	15	6809089c	1	6802fe35
688	pitchObj31CountEstablishWeight	0	0	680908a0	1	6802fe35
689	pitchObj31CountOutsideWeight	0	27	680908a4	1	6802fe35
690	pitchObj31CountBestWeight	15	5	680908a8	1	6802fe35
691	pitchObj31CountBestCenterWeight	50	10	680908ac	1	6802fe35
692	pitchObj31CountFastCenterWeight	20	25	680908b0	1	6802fe35
693	pitchObj31CountPlusWeight	15	33	680908b4	1	6802fe35
694	pitchObj32CountEstablishWeight	0	0	680908b8	1	6802fe35
695	pitchObj32CountOutsideWeight	0	17	680908bc	1	6802fe35
696	pitchObj32CountBestWeight	20	15	680908c0	1	6802fe35
697	pitchObj32CountBestCenterWeight	10	20	680908c4	1	6802fe35
698	pitchObj32CountFastCenterWeight	20	25	680908c8	1	6802fe35
699	pitchObj32CountPlusWeight	50	23	680908cc	1	6802fe35
700	batPowerHandleBase	25	25	680908d0	1	68050eb0
701	batPowerDullBase	70	50	680908d4	1	68050eb0
702	batPowerSweetBase	92	97	680908d8	1	68050eb0
703	batPowerEndBase	80	50	680908dc	1	68050eb0
704	batPowerHandleRange	25	10	680908e0	1	68050eb0
705	batPowerDullRange	10	10	680908e4	1	68050eb0
706	batPowerSweetRange	6	12	680908e8	1	68050eb0
707	batPowerEndRange	10	10	680908ec	1	68050eb0
708	hitAngleCountPower	3	5	680908f0	1	68050eb0
709	hitAngleCountNormal	3	5	680908f4	1	68050eb0
710	hitAngleCountContact	3	5	680908f8	1	68050eb0
711	hitAngleCountBunt	10	30	680908fc	1	68050eb0
712	hitAngleFacesPower	20	13	68090900	1	68050eb0
713	hitAngleFacesNormal	20	13	68090904	1	68050eb0
714	hitAngleFacesContact	20	13	68090908	1	68050eb0
715	hitAngleFacesBunt	7	3	6809090c	1	68050eb0
716	hitAngleBasePower	0	-1	68090910	1	68050eb0
717	hitAngleBaseNormal	0	-1	68090914	1	68050eb0
718	hitAngleBaseContact	-3	-1	68090918	1	68050eb0
719	hitAngleBaseBunt	-10	-30	6809091c	1	68050eb0
720	wildCatchChanceBase	90	85	68090920	1	680346aa
721	wildCatchChanceFAPct	25	50	68090924	1	680346aa
722	wildCatchChanceOppMod	-5	-10	68090928	1	680346aa
723	wildCatchChanceHighMod	-5	-5	6809092c	1	680346aa
724	longLeadSpeed	60	60	68090930	1	680506fd
725	pickoffScareSpeed	60	60	68090934	0	
726	speedBase	20	19	68090938	1	68003899
727	speedPct	5	5	6809093c	1	68003899
728	pitchRatVariationCount	4	1	68090940	1	6803e684
729	pitchRatVariationFaces	4	3	68090944	1	6803e684
730	pitchRatVariationBase	-10	-2	68090948	1	6803e684
731	ballWindSpeedPct	40	33	6809094c	1	6803a6f0
732	ballTempPct	40	33	68090950	1	6803a5ff
733	ballBaseAltitude	0	0	68090954	1	6803a5ff
734	ballAltitudePct	100	100	68090958	1	6803a5ff
735	ballAirResistancePct	95	99	6809095c	1	6803aa6b
736	adjustUnitsDiag	12	2	68090960	1	6800e826
737	adjustUnitsHoriz	4	3	68090964	1	6800e826
738	adjustUnitsVert	8	2	68090968	1	6800e826
739	adjustUnitsSpeedUpLowGeared	1	1	6809096c	1	6800e826
740	adjustUnitsSpeedUpHighGeared	6	8	68090970	1	6800e826
741	adjustUnitsSlowDownLowGeared	1	1	68090974	1	6800e826
742	adjustUnitsSlowDownHighGeared	3	4	68090978	1	6800e826
743	bounceVertTurfPct	40	37	6809097c	1	6803aad7
744	bounceHorizTurfPct	80	74	68090980	1	6803aad7
745	bounceVertGrassPct	30	35	68090984	1	6803aad7
746	bounceHorizGrassPct	75	72	68090988	1	6803aad7
747	bounceVertDirtPct	35	30	6809098c	1	6803aad7
748	bounceHorizDirtPct	80	67	68090990	1	6803aad7
749	bounceWetAdjust	-3	-3	68090994	1	6803aad7
750	bounceHotAdjust	3	3	68090998	1	6803aad7
751	bounceColdAdjust	-3	-3	6809099c	1	6803aad7
752	throwSpeedIFBase	10	52	680909a0	1	6805d960
753	throwSpeedIFDistPct	90	3	680909a4	1	6805d960
754	throwSpeedIFMax	90	92	680909a8	1	6805d960
755	throwSpeedOFBase	60	52	680909ac	1	6805d960
756	throwSpeedOFDistPct	20	3	680909b0	1	6805d960
757	throwSpeedOFMax	85	92	680909b4	1	6805d960
758	pitchScoringOut	1	1	680909b8	1	68040a7e
759	pitchScoringStrikeOut	2	2	680909bc	1	68040a7e
760	pitchScoringOffRun	2	2	680909c0	1	68040a7e
761	pitchScoringInnsAfter4	2	2	680909c4	1	68040a7e
762	pitchScoringWalk	-1	-1	680909c8	1	68040a7e
763	pitchScoringHit	-2	-2	680909cc	1	68040a7e
764	pitchScoringConsHit	-1	-1	680909d0	1	68040a7e
765	pitchScoringRun	-2	-2	680909d4	1	68040a7e
766	pitchScoringER	-2	-2	680909d8	1	68040a7e
767	pitchScoringHR	-3	-3	680909dc	1	68040a7e
768	pitchScoringWP	-2	-2	680909e0	1	68040a7e
769	failedCheckContactChance	5	0	680909e4	1	68053d2e
770	throwHeightPct	70	70	680909e8	1	68039750
771	posPlayerPitchingRuns	12	12	680909ec	1	68043fcf
772	automaticCatchDist	30	15	680909f0	1	6805dd30
773	normalPos1BDist	120	130	680909f4	1	68019866
774	normalPos1BAngle	-35	-35	680909f8	1	68019866
775	normalPos2BDist	155	140	680909fc	1	68019866
776	normalPos2BAngle	-12	-15	68090a00	1	68019866
777	normalPosSSDist	150	140	68090a04	1	68019866
778	normalPosSSAngle	17	15	68090a08	1	68019866
779	normalPos3BDist	110	130	68090a0c	1	68019866
780	normalPos3BAngle	35	35	68090a10	1	68019866
781	guardLinesPos1BDist	120	120	68090a14	1	68019866
782	guardLinesPos1BAngle	-40	-40	68090a18	1	68019866
783	guardLinesPos2BDist	150	140	68090a1c	1	68019866
784	guardLinesPos2BAngle	-18	-15	68090a20	1	68019866
785	guardLinesPosSSDist	150	140	68090a24	1	68019866
786	guardLinesPosSSAngle	18	15	68090a28	1	68019866
787	guardLinesPos3BDist	110	120	68090a2c	1	68019866
788	guardLinesPos3BAngle	40	40	68090a30	1	68019866
789	cutoffRunPos1BDist	90	90	68090a34	1	68019866
790	cutoffRunPos1BAngle	-35	-35	68090a38	1	68019866
791	cutoffRunPos2BDist	115	105	68090a3c	1	68019866
792	cutoffRunPos2BAngle	-17	-15	68090a40	1	68019866
793	cutoffRunPosSSDist	115	105	68090a44	1	68019866
794	cutoffRunPosSSAngle	17	15	68090a48	1	68019866
795	cutoffRunPos3BDist	90	90	68090a4c	1	68019866
796	cutoffRunPos3BAngle	35	35	68090a50	1	68019866
797	doublePlayPos1BDist	120	100	68090a54	1	68019866
798	doublePlayPos1BAngle	-35	-35	68090a58	1	68019866
799	doublePlayPos2BDist	140	135	68090a5c	1	68019866
800	doublePlayPos2BAngle	-15	-12	68090a60	1	68019866
801	doublePlayPosSSDist	140	135	68090a64	1	68019866
802	doublePlayPosSSAngle	15	12	68090a68	1	68019866
803	doublePlayPos3BDist	110	100	68090a6c	1	68019866
804	doublePlayPos3BAngle	35	35	68090a70	1	68019866
805	normalPosLFPct	60	69	68090a74	1	68019866
806	normalPosLFAngle	25	25	68090a78	1	68019866
807	normalPosCFPct	65	69	68090a7c	1	68019866
808	normalPosCFAngle	0	0	68090a80	1	68019866
809	normalPosRFPct	60	69	68090a84	1	68019866
810	normalPosRFAngle	-25	-25	68090a88	1	68019866
811	guardLeftPosLFPct	65	65	68090a8c	1	68019866
812	guardLeftPosLFAngle	30	30	68090a90	1	68019866
813	guardLeftPosCFPct	70	69	68090a94	1	68019866
814	guardLeftPosCFAngle	5	5	68090a98	1	68019866
815	guardLeftPosRFPct	65	45	68090a9c	1	68019866
816	guardLeftPosRFAngle	-25	-25	68090aa0	1	68019866
817	guardRightPosLFPct	60	45	68090aa4	1	68019866
818	guardRightPosLFAngle	25	25	68090aa8	1	68019866
819	guardRightPosCFPct	65	69	68090aac	1	68019866
820	guardRightPosCFAngle	-5	-5	68090ab0	1	68019866
821	guardRightPosRFPct	60	65	68090ab4	1	68019866
822	guardRightPosRFAngle	-30	30	68090ab8	1	68019866
823	infieldPosFeetPerDepth	10	10	68090abc	1	6801a0ad
824	outfieldPosPctVeryShallow	60	50	68090ac0	1	6801a0ad
825	outfieldPosPctShallow	65	60	68090ac4	1	6801a0ad
826	outfieldPosPctNormal	70	70	68090ac8	1	6801a0ad
827	outfieldPosPctDeep	75	80	68090acc	1	6801a0ad
828	outfieldPosPctVeryDeep	80	100	68090ad0	1	6801a0ad
829	coverForPitcherSlop	9	9	68090ad4	1	68001935
830	couldBeCaughtSlop	12	-18	68090ad8	1	68001935
831	shouldBeCaughtSlop	2	6	68090adc	1	68001935
832	infieldMaxChaseDist	50	50	68090ae0	1	68001935
833	pitcherMaxChaseDist	90	90	68090ae4	1	68001935
834	outfieldMinChaseDist	150	150	68090ae8	1	68001935
835	generalSlop	9	9	68090aec	1	68021fca
836	relaySlop	12	12	68090af0	1	68023268
837	userCatchDist	4	4	68090af4	1	6805be15
838	computerCatchDist	3	3	68090af8	1	6805be15
839	effortCatchDist	12	6	68090afc	1	6805be15
840	tagSyncDist	4	3	68090b00	1	6805c22c
841	possibleOutFrames	12	7	68090b04	3	68016855,6805e93b,6805ecfd
842	likelyOutFrames	20	24	68090b08	5	68020f87,68022316,6805dc50,6805e93b,6805ecfd
843	tagTimeSlop	6	6	68090b0c	1	6804d70e
844	throwTimeSlop	6	6	68090b10	2	6805da5e,6805dab6
845	stepOnBagSlop	-6	-5	68090b14	1	6805ecfd
846	tagAtBagSlop	4	4	68090b18	1	6805ecfd
847	throwToBagSlop	8	8	68090b1c	1	6805ecfd
848	averagePitchSpeed	90	94	68090b20	1	6800b36e
849	fastPitchBatSlowdownPct	110	110	68090b24	1	6800b36e
850	slowPitchBatSpeedupPct	85	85	68090b28	1	6800b36e
851	hbpBatterStepOutChance	90	80	68090b2c	1	680346aa
852	injuryChanceRunThroughFirst	7500		68090b30	1	6802baf7
853	injuryChanceThrowBall	6500		68090b34	1	6802baf7
854	injuryChanceRunBases	8500		68090b38	1	6802baf7
855	injuryChanceFieldFlyBall	1800		68090b3c	1	6802baf7
856	injuryChanceFieldGrounder	2200		68090b40	1	6802baf7
857	injuryChanceHitByHighPitch	28		68090b44	1	6802baf7
858	injuryChanceHitByMediumPitch	28		68090b48	1	6802baf7
859	injuryChanceHitByLowPitch	28		68090b4c	1	6802baf7
860	injuryChanceBatterSwing	6500		68090b50	1	6802baf7
861	injuryChanceBatterHit	180		68090b54	1	6802baf7
862	injuryChanceCatcherHit	180		68090b58	1	6802baf7
863	injuryChanceCollision	90		68090b5c	1	6802baf7
864	injuryChanceSlideHeadFirst	350		68090b60	1	6802baf7
865	injuryChanceSlideFeetFirst	550		68090b64	1	6802baf7
866	injuryChancePlayerHit	180		68090b68	1	6802baf7
867	injuryChanceOverUsage	300		68090b6c	1	6802baf7
868	injuryChanceWarmPitch	2200		68090b70	1	6802baf7
869	injuryChanceHalfPitch	9999		68090b74	1	6802baf7
870	injuryChanceColdPitch	9999		68090b78	1	6802baf7
871	firstToPitcherSlop	0		68090b7c	1	6805ecfd
