addr	size	module	n_params	param_names(first 8)
68056fbc	5086	BBSim_Roster	112	phForPitcherBase,phForPitcherEarlyInnAdjust,phForPitcherMiddleInnAdjust,phForPitcherLateInnAdjust,phForPitcherInn9Adjust,phForPitcherExtraInnAdjust,phForPitcherBigLeadAdjust,phForPitcherLeadAdjust
6803a479	1638	BBSim_Players2	72	fbSpeedBase,fbSpeedRange,fbSpeedASPct,cbSpeedBase,cbSpeedRange,cbSpeedASPct,cuSpeedBase,cuSpeedRange
6803c8f5	1769	BBSim_Players2	72	pitchObj00CountEstablishWeight,pitchObj00CountOutsideWeight,pitchObj00CountBestWeight,pitchObj00CountBestCenterWeight,pitchObj00CountFastCenterWeight,pitchObj00CountPlusWeight,pitchObj01CountEstablishWeight,pitchObj01CountOutsideWeight
6801f976	1515	BBSim_Game	50	normalPos1BDist,normalPos1BAngle,normalPos2BDist,normalPos2BAngle,normalPosSSDist,normalPosSSAngle,normalPos3BDist,normalPos3BAngle
68065947	1651		49	stealChance00Count,stealChance01Count,stealChance02Count,stealChance10Count,stealChance11Count,stealChance12Count,stealChance20Count,stealChance21Count
6800b2fd	1173	BBSim_Runners2	48	lookPrimaryType00CountAdjust,lookPrimaryType01CountAdjust,lookPrimaryType02CountAdjust,lookPrimaryType10CountAdjust,lookPrimaryType11CountAdjust,lookPrimaryType12CountAdjust,lookPrimaryType20CountAdjust,lookPrimaryType21CountAdjust
6802c303	736	BBSim_Game	36	catchChancePitcherAdjust,catchChanceCatcherAdjust,catchChanceFirstBaseAdjust,catchChanceSecondBaseAdjust,catchChanceThirdBaseAdjust,catchChanceShortStopAdjust,catchChanceLeftFieldAdjust,catchChanceCenterFieldAdjust
68065fba	1381		32	hnrChanceBase,hnrChance3MoreBehindAdjust,hnrChance2BehindAdjust,hnrChance1AheadAdjust,hnrChance2MoreAheadAdjust,hnrChanceOn12Adjust,hnrChanceSlowSPThresh,hnrChanceMedSPThresh
680583cb	1881	BBSim_Roster	32	prChanceOnFirstBase,prChanceOnSecondBase,prChanceOnThirdBase,prChanceWinningRun,prChanceTyingRun,prChanceInsignificant,prChancePerOutAdjust,prChanceEarlyInnAdjust
68058b4b	3230		26	defSubBase,defSubBeforeInn7Adjust,defSubInn7Adjust,defSubInn8Adjust,defSubAfterInn8Adjust,defSubVeryHighCurrDefThresh,defSubHighCurrDefThresh,defSubMedCurrDefThresh
68059810	1888		23	doubleSwitchBase,doubleSwitchPitcherDueAdjust,doubleSwitchPHAdjust,doubleSwitchNoPrimaryPosAdjust,doubleSwitchNoQualifiedPosAdjust,doubleSwitchVeryHighCurrDefThresh,doubleSwitchHighCurrDefThresh,doubleSwitchMedCurrDefThresh
6800e6b9	656	BBSim_Batter2d	23	idRatingTimingWeight,timingVeryBadThresh,timingVeryBadCount,timingVeryBadFaces,timingVeryBadBase,timingBadThresh,timingBadCount,timingBadFaces
68045169	1285		22	pitchAroundChanceNoInn,pitchAroundChanceBase,pitchAroundChanceInn7Adjust,pitchAroundChanceInn9Adjust,pitchAroundChancePH2BatAdjust,pitchAroundChancePH1BatAdjust,pitchAroundChancePHBatAdjust,pitchAroundChancePHODAdjust
680633d0	994	BBSim_Runners2	20	batPowerHandleBase,batPowerDullBase,batPowerSweetBase,batPowerEndBase,batPowerHandleRange,batPowerDullRange,batPowerSweetRange,batPowerEndRange
68038227	605	BBSim_Injury	19	injuryChanceRunThroughFirst,injuryChanceThrowBall,injuryChanceRunBases,injuryChanceFieldFlyBall,injuryChanceFieldGrounder,injuryChanceHitByHighPitch,injuryChanceHitByMediumPitch,injuryChanceHitByLowPitch
6806651f	905		16	sacChanceMaxCH,sacChanceMaxPH,sacChanceBase,sacChancePitcherAdjust,sacChance1OutAdjust,sacChanceCLAdjust,sacChanceCLLowCHThresh,sacChanceCLLowPHThresh
6800bed4	1834	BBSim_Batter2d	16	swingSpeedBase,swingSpeedPHPct,swingAngleTenthDegreesBase,swingAngleTenthDegreesRange,swingAngleTenthDegreesGFPct,swingAngleTenthDegreesPowerAdjust,swingAngleTenthDegreesNormalAdjust,swingAngleTenthDegreesContactAdjust
6805c88b	758		13	starterToastThreshInn1,starterToastThreshInn2,starterToastThreshInn3,starterToastThreshInn4,starterToastThreshInn5,starterToastThreshInn6,starterToastThreshInn7,starterToastThreshInn8
680498d7	3267		11	rollFrictionGrass,rollFrictionTurf,bounceVertTurfPct,bounceHorizTurfPct,bounceVertGrassPct,bounceHorizGrassPct,bounceVertDirtPct,bounceHorizDirtPct
6800e949	895	BBSim_Batter2d	11	disciplineRatingBase,disciplineRatingPct,disciplineRatingCHPct,disciplineRatingExpPct,disciplineRatingNoPitchesAdjust,disciplineRatingScoringPosAdjust,disciplineRatingOnThird01OutsAdjust,disciplineRatingPlusZoneAdjust
68051ea2	2907	BBSim_Game	11	pitchScoringOut,pitchScoringStrikeOut,pitchScoringOffRun,pitchScoringInnsAfter4,pitchScoringWalk,pitchScoringHit,pitchScoringConsHit,pitchScoringRun
68044e02	871		10	pitchOutChanceStealThresh,pitchOutChanceHitRunThresh,pitchOutChanceBase,pitchOutChanceBall0Adjust,pitchOutChanceBall1Adjust,pitchOutChanceBall2Adjust,pitchOutChanceBall3Adjust,pitchOutChanceInn8Adjust
6803dd01	2924		10	tiredPitchRatPct,tiredASPct,exhaustedPitchRatPct,exhaustedASPct,effCOPct,effMOPct,controlBoxIncreaseEffCOPct,speedReductionBase
6804ed25	10720	BBSim_Roster	9	offRatCHPct,offRatPHPct,slugRatCHPct,slugRatPHPct,defRatASPct,defRatFAPct,pitchRatVariationCount,pitchRatVariationFaces
6800f260	587	BBSim_Batter2d	9	adjustUnitsCHPct,adjustUnitsPowerPct,adjustUnitsNormalPct,adjustUnitsContactPct,adjustUnitsBuntPct,adjustUnitsPowerAdjust,adjustUnitsNormalAdjust,adjustUnitsContactAdjust
680449c3	538		7	chargeChanceBaseFirst,chargeChanceBaseThird,chargeChancePitcherFAPct,chargeChanceFAPct,chargeChanceSacChanceAdjust,chargeChanceThirdOnFirstSecond,chargeChanceThirdOnThird
6800f4ab	1042	BBSim_Batter2d	7	adjustUnitsDiag,adjustUnitsHoriz,adjustUnitsVert,adjustUnitsSpeedUpLowGeared,adjustUnitsSpeedUpHighGeared,adjustUnitsSlowDownLowGeared,adjustUnitsSlowDownHighGeared
68046612	1365		6	defPosHighPull,defPosLowPull,defPosHighPullExtra,defPosLowPullExtra,defPosHighPower,defPosLowPower
680668a8	446		6	squeezeChanceMaxCH,squeezeChanceMaxPH,squeezeChanceLowCountAdjust,squeezeChanceMedCountAdjust,squeezeChanceThirdFastSPThresh,squeezeChanceThirdFastAdjust
6801710b	1336		6	catchBaseChance,catchFADiv,catchChanceDiving,catchChanceLeaping,catchChanceLessThan1Sec,catchChancePerTenth
68074e80	254		6	throwSpeedIFBase,throwSpeedIFDistPct,throwSpeedIFMax,throwSpeedOFBase,throwSpeedOFDistPct,throwSpeedOFMax
680201bd	741		6	infieldPosFeetPerDepth,outfieldPosPctVeryShallow,outfieldPosPctShallow,outfieldPosPctNormal,outfieldPosPctDeep,outfieldPosPctVeryDeep
68001145	1575	BBSim_Act	6	coverForPitcherSlop,couldBeCaughtSlop,shouldBeCaughtSlop,infieldMaxChaseDist,pitcherMaxChaseDist,outfieldMinChaseDist
68076229	1409	BBSim_Throw	6	possibleOutFrames,likelyOutFrames,stepOnBagSlop,tagAtBagSlop,throwToBagSlop,firstToPitcherSlop
68056adb	867		5	warmupSecsPerWarmPitch,warmupSecsPerQuickPitch,warmupSecsPerMaintPitch,warmupSecsPerCoolPitch,warmupSecsBeforeCool
6807525c	948	BBSim_Throw	5	maxThrowDistBase,maxThrowDistASPct,goodThrowBase,goodThrowFAPct,automaticCatchDist
680411ea	2024		5	wildCatchChanceBase,wildCatchChanceFAPct,wildCatchChanceOppMod,wildCatchChanceHighMod,hbpBatterStepOutChance
68044cc3	319		4	pickoffChanceBase,pickoffChanceStealChanceAdjust,pickoffChanceLeadMult,pickoffChancePitchesMult
68067a1d	593		4	offManStealChancePct,offManHNRChancePct,offManSacChancePct,offManSqueezeChancePct
6800e0d4	203	BBSim_Batter2d	4	idRatingBase,idRatingCHPct,idRatingExpPct,idRatingPitchRatPct
68041af0	5024		4	wildCatchChanceBase,wildCatchChanceFAPct,wildCatchChanceOppMod,wildCatchChanceHighMod
68044bdd	230		3	holdChanceBase,holdChanceMinRunnerSpeed,holdChanceAdjust
6805cb81	359		3	pitcherToastPctPitchesLeft,pitcherToastMaxLead,pitcherToastMinLead
6803ba58	171		3	sureStrikeDist,closeStrikeDist,closeBallDist
680493ff	241		3	ballTempPct,ballBaseAltitude,ballAltitudePct
680721f5	1047		3	userCatchDist,computerCatchDist,effortCatchDist
68046384	654		2	defManChargeChancePct,defManPitchAroundToIBBPct
6805c196	663		2	pitcherTiredThresh,pitcherExhaustedThresh
68075031	163		2	maxThrowDistBase,maxThrowDistASPct
6803d545	827		2	nonEstablishedPitchTypeAdjust,primaryPitchTypeAdjust
680038b1	133		2	speedBase,speedPct
68075e67	655	BBSim_Throw	2	possibleOutFrames,likelyOutFrames
6800e19f	420	BBSim_Batter2d	1	idRatingTypeWeight
6800e343	886	BBSim_Batter2d	1	idRatingLocWeight
68062c3d	423		1	longLeadSpeed
680494f0	473		1	ballWindSpeedPct
6804986b	108		1	ballAirResistancePct
68066aa0	1776		1	failedCheckContactChance
68048550	443	BBSim_Ball	1	throwHeightPct
68055fd4	1424		1	posPlayerPitchingRuns
6802a4fa	61		1	generalSlop
6802b798	653	BBSim_Field	1	relaySlop
6807260c	291		1	tagSyncDist
68018c25	292		1	possibleOutFrames
68029387	356	BBSim_Arcade	1	likelyOutFrames
6802a846	196		1	likelyOutFrames
6807517c	224		1	likelyOutFrames
6805fc48	372	BBSim_Runner	1	tagTimeSlop
68074f7e	88		1	throwTimeSlop
68074fd6	91		1	throwTimeSlop
680637fd	2042		1	hbpBatterStepOutChance
