key	default	bin	func_addrs	n_funcs
chargeChanceBaseFirst	0	BBSIM	68039455,6803954f	2
chargeChanceBaseThird	-20	BBSIM		0
chargeChancePitcherFAPct	25	BBSIM		0
chargeChanceFAPct	25	BBSIM		0
chargeChanceSacChanceAdjust	-20	BBSIM		0
chargeChanceThirdOnFirstSecond	20	BBSIM		0
chargeChanceThirdOnThird	20	BBSIM		0
defManChargeChancePct	50	BBSIM		0
holdChanceBase	0	BBSIM		0
holdChanceMinRunnerSpeed	30	BBSIM		0
holdChanceAdjust	100	BBSIM		0
pickoffChanceBase	0	BBSIM		0
pickoffChanceStealChanceAdjust	-10	BBSIM		0
pickoffChanceLeadMult	5	BBSIM		0
pickoffChancePitchesMult	-10	BBSIM		0
pitchOutChanceStealThresh	25	BBSIM		0
pitchOutChanceHitRunThresh	25	BBSIM		0
pitchOutChanceBase	25	BBSIM		0
pitchOutChanceBall0Adjust	5	BBSIM		0
pitchOutChanceBall1Adjust	0	BBSIM		0
pitchOutChanceBall2Adjust	-25	BBSIM		0
pitchOutChanceBall3Adjust	-100	BBSIM		0
pitchOutChanceInn8Adjust	5	BBSIM		0
pitchOutChanceInn9Adjust	10	BBSIM		0
pitchOutChanceHomeAdjust	-5	BBSIM		0
pitchAroundChanceNoInn	6	BBSIM		0
pitchAroundChanceBase	25	BBSIM		0
pitchAroundChanceInn7Adjust	5	BBSIM		0
pitchAroundChanceInn9Adjust	10	BBSIM		0
pitchAroundChancePH2BatAdjust	25	BBSIM		0
pitchAroundChancePH1BatAdjust	10	BBSIM		0
pitchAroundChancePHBatAdjust	5	BBSIM		0
pitchAroundChancePHODAdjust	-10	BBSIM		0
pitchAroundChancePH1ODAdjust	-25	BBSIM		0
pitchAroundChancePH2ODAdjust	-50	BBSIM		0
pitchAroundChanceCH2BatAdjust	15	BBSIM		0
pitchAroundChanceCH1BatAdjust	5	BBSIM		0
pitchAroundChanceCHBatAdjust	0	BBSIM		0
pitchAroundChanceCHODAdjust	-5	BBSIM		0
pitchAroundChanceCH1ODAdjust	-15	BBSIM		0
pitchAroundChanceCH2ODAdjust	-30	BBSIM		0
pitchAroundChanceLowGFThresh	45	BBSIM		0
pitchAroundChanceLowGFAdjust	5	BBSIM		0
pitchAroundChanceOut0	0	BBSIM		0
pitchAroundChanceOut1	5	BBSIM		0
pitchAroundChanceOut2	10	BBSIM		0
pitchAroundChanceOn23	5	BBSIM		0
defManPitchAroundToIBBPct	100	BBSIM		0
defPosHighPull	80	BBSIM		0
defPosLowPull	19	BBSIM		0
defPosHighPullExtra	60	BBSIM		0
defPosLowPullExtra	39	BBSIM		0
defPosHighPower	85	BBSIM		0
defPosLowPower	20	BBSIM		0
normalPos1BDist	130	BBSIM		0
normalPos1BAngle	-35	BBSIM		0
normalPos2BDist	140	BBSIM		0
normalPos2BAngle	-15	BBSIM		0
normalPosSSDist	140	BBSIM		0
normalPosSSAngle	15	BBSIM		0
normalPos3BDist	130	BBSIM		0
normalPos3BAngle	35	BBSIM		0
guardLinesPos1BDist	120	BBSIM		0
guardLinesPos1BAngle	-40	BBSIM		0
guardLinesPos2BDist	140	BBSIM		0
guardLinesPos2BAngle	-15	BBSIM		0
guardLinesPosSSDist	140	BBSIM		0
guardLinesPosSSAngle	15	BBSIM		0
guardLinesPos3BDist	120	BBSIM		0
guardLinesPos3BAngle	40	BBSIM		0
cutoffRunPos1BDist	90	BBSIM		0
cutoffRunPos1BAngle	-35	BBSIM		0
cutoffRunPos2BDist	105	BBSIM		0
cutoffRunPos2BAngle	-15	BBSIM		0
cutoffRunPosSSDist	105	BBSIM		0
cutoffRunPosSSAngle	15	BBSIM		0
cutoffRunPos3BDist	90	BBSIM		0
cutoffRunPos3BAngle	35	BBSIM		0
doublePlayPos1BDist	100	BBSIM		0
doublePlayPos1BAngle	-35	BBSIM		0
doublePlayPos2BDist	135	BBSIM		0
doublePlayPos2BAngle	-12	BBSIM		0
doublePlayPosSSDist	135	BBSIM		0
doublePlayPosSSAngle	12	BBSIM		0
doublePlayPos3BDist	100	BBSIM		0
doublePlayPos3BAngle	35	BBSIM		0
normalPosLFPct	69	BBSIM		0
normalPosLFAngle	25	BBSIM		0
normalPosCFPct	69	BBSIM		0
normalPosCFAngle	0	BBSIM		0
normalPosRFPct	69	BBSIM		0
normalPosRFAngle	-25	BBSIM		0
guardLeftPosLFPct	65	BBSIM		0
guardLeftPosLFAngle	30	BBSIM		0
guardLeftPosCFPct	69	BBSIM		0
guardLeftPosCFAngle	5	BBSIM		0
guardLeftPosRFPct	45	BBSIM		0
guardLeftPosRFAngle	-25	BBSIM		0
guardRightPosLFPct	45	BBSIM		0
guardRightPosLFAngle	25	BBSIM		0
guardRightPosCFPct	69	BBSIM		0
guardRightPosCFAngle	-5	BBSIM		0
guardRightPosRFPct	65	BBSIM		0
guardRightPosRFAngle	30	BBSIM		0
infieldPosFeetPerDepth	10	BBSIM		0
outfieldPosPctVeryShallow	50	BBSIM		0
outfieldPosPctShallow	60	BBSIM		0
outfieldPosPctNormal	70	BBSIM		0
outfieldPosPctDeep	80	BBSIM		0
outfieldPosPctVeryDeep	100	BBSIM		0
stealChance00Count	0	BBSIM		0
stealChance01Count	0	BBSIM		0
stealChance02Count	-10	BBSIM		0
stealChance10Count	10	BBSIM		0
stealChance11Count	0	BBSIM		0
stealChance12Count	-10	BBSIM		0
stealChance20Count	15	BBSIM		0
stealChance21Count	5	BBSIM		0
stealChance22Count	0	BBSIM		0
stealChance30Count	15	BBSIM		0
stealChance31Count	15	BBSIM		0
stealChance32Count	20	BBSIM		0
offManStealChancePct	67	BBSIM		0
stealChanceVerySlowThresh	13	BBSIM		0
stealChanceSlowThresh	27	BBSIM		0
stealChanceMedThresh	60	BBSIM		0
stealChanceFastThresh	80	BBSIM		0
stealChanceVerySlowAdjust	-40	BBSIM		0
stealChanceSlowAdjust	-10	BBSIM		0
stealChanceMedAdjust	0	BBSIM		0
stealChanceFastAdjust	20	BBSIM		0
stealChanceVeryFastAdjust	25	BBSIM		0
stealChanceVeryLowHoldThresh	19	BBSIM		0
stealChanceLowHoldThresh	39	BBSIM		0
stealChanceMedHoldThresh	65	BBSIM		0
stealChanceHighHoldThresh	74	BBSIM		0
stealChanceVeryLowHoldAdjust	15	BBSIM		0
stealChanceLowHoldAdjust	5	BBSIM		0
stealChanceMedHoldAdjust	0	BBSIM		0
stealChanceHighHoldAdjust	-10	BBSIM		0
stealChanceVeryHighHoldAdjust	-20	BBSIM		0
stealChancePitcherFaceAdjust	-5	BBSIM		0
stealChancePitcherBackAdjust	5	BBSIM		0
stealChancePitcherWindupAdjust	5	BBSIM		0
stealChancePitcherWildAdjust	0	BBSIM		0
stealChanceOnFirst2OutHighCHThresh	60	BBSIM		0
stealChanceOnFirst2OutHighCHAdjust	10	BBSIM		0
stealChanceOnFirst2OutLowCHThresh	27	BBSIM		0
stealChanceOnFirst2OutLowCHAdjust	-25	BBSIM		0
stealChanceOnFirst01OutHighCHThresh	60	BBSIM		0
stealChanceOnFirst01OutHighCHAdjust	15	BBSIM		0
stealChanceOnFirst01OutLowCHThresh	27	BBSIM		0
stealChanceOnFirst01OutLowCHAdjust	-15	BBSIM		0
stealChanceOnSecond0OutAdjust	-15	BBSIM		0
stealChanceOnSecond1OutAdjust	0	BBSIM		0
stealChanceOnSecond2OutAdjust	-30	BBSIM		0
stealChanceOnSecondHighCHThresh	55	BBSIM		0
stealChanceOnSecondHighCHAdjust	5	BBSIM		0
stealChanceWayBehindThresh	-3	BBSIM		0
stealChanceWayBehindAdjust	-70	BBSIM		0
hnrChanceBase	25	BBSIM		0
hnrChance3MoreBehindAdjust	-40	BBSIM		0
hnrChance2BehindAdjust	-10	BBSIM		0
hnrChance1AheadAdjust	-10	BBSIM		0
hnrChance2MoreAheadAdjust	-40	BBSIM		0
hnrChanceOn12Adjust	-25	BBSIM		0
hnrChancePitcherWildAdjust	-20	BBSIM		0
hnrChance3BallsAdjust	10	BBSIM		0
hnrChance2StrikesAdjust	-15	BBSIM		0
hnrChanceEvenCountAdjust	-5	BBSIM		0
hnrChance01CountAdjust	-15	BBSIM		0
offManHNRChancePct	100	BBSIM		0
hnrChanceSlowSPThresh	27	BBSIM		0
hnrChanceMedSPThresh	47	BBSIM		0
hnrChanceFastSPThresh	74	BBSIM		0
hnrChanceSlowSPAdjust	-20	BBSIM		0
hnrChanceMedSPAdjust	-10	BBSIM		0
hnrChanceFastSPAdjust	5	BBSIM		0
hnrChanceVeryFastSPAdjust	10	BBSIM		0
hnrChanceLowCHThresh	27	BBSIM		0
hnrChanceMedCHThresh	47	BBSIM		0
hnrChanceHighCHThresh	74	BBSIM		0
hnrChanceLowCHAdjust	-20	BBSIM		0
hnrChanceMedCHAdjust	-10	BBSIM		0
hnrChanceHighCHAdjust	0	BBSIM		0
hnrChanceVeryHighCHAdjust	10	BBSIM		0
hnrChanceLowPHThresh	27	BBSIM		0
hnrChanceMedPHThresh	47	BBSIM		0
hnrChanceHighPHThresh	74	BBSIM		0
hnrChanceLowPHAdjust	10	BBSIM		0
hnrChanceMedPHAdjust	0	BBSIM		0
hnrChanceHighPHAdjust	-10	BBSIM		0
hnrChanceVeryHighPHAdjust	-20	BBSIM		0
sacChanceMaxCH	44	BBSIM		0
sacChanceMaxPH	44	BBSIM		0
sacChanceBase	7	BBSIM		0
sacChancePitcherAdjust	15	BBSIM		0
sacChance1OutAdjust	-25	BBSIM		0
offManSacChancePct	200	BBSIM		0
sacChanceCLAdjust	30	BBSIM		0
sacChanceCL0OutOn12Adjust	15	BBSIM		0
sacChanceCLLowCHThresh	14	BBSIM		0
sacChanceCLLowPHThresh	14	BBSIM		0
sacChanceCLLowCHPHAdjust	25	BBSIM		0
sacChanceCL1OutODHighCHThresh	56	BBSIM		0
sacChanceCL1OutODHighPHThresh	56	BBSIM		0
sacChanceCL1OutODHighAdjust	-10	BBSIM		0
sacChancePitcherLowCHThresh	19	BBSIM		0
sacChancePitcherLowPHThresh	19	BBSIM		0
sacChancePitcherLowCHPHAdjust	50	BBSIM		0
squeezeChanceMaxCH	27	BBSIM		0
squeezeChanceMaxPH	27	BBSIM		0
squeezeChanceLowCountAdjust	15	BBSIM		0
squeezeChanceMedCountAdjust	10	BBSIM		0
squeezeChanceThirdFastSPThresh	69	BBSIM		0
squeezeChanceThirdFastAdjust	10	BBSIM		0
offManSqueezeChancePct	100	BBSIM		0
offRatCHPct	100	BBSIM		0
offRatPHPct	100	BBSIM		0
slugRatCHPct	100	BBSIM		0
slugRatPHPct	100	BBSIM		0
defRatASPct	100	BBSIM		0
defRatFAPct	100	BBSIM		0
phForPitcherBase	-90	BBSIM		0
phForPitcherEarlyInnAdjust	-50	BBSIM		0
phForPitcherMiddleInnAdjust	-10	BBSIM		0
phForPitcherLateInnAdjust	10	BBSIM		0
phForPitcherInn9Adjust	20	BBSIM		0
phForPitcherExtraInnAdjust	50	BBSIM		0
phForPitcherPerOutAdjust	-5	BBSIM		0
phForPitcherPerBPPitcherAdjust	10	BBSIM		0
phForPitcherPerBenchPlayerAdjust	10	BBSIM		0
phForPitcherBigLeadAdjust	-30	BBSIM		0
phForPitcherLeadAdjust	-20	BBSIM		0
phForPitcherWinRunInScoringPosAdjust	10	BBSIM		0
phForPitcherWinRunOnFirstAdjust	5	BBSIM		0
phForPitcherWinRunAtBatAdjust	5	BBSIM		0
phForPitcherWinRunOnDeckAdjust	10	BBSIM		0
phForPitcherWinRunInDugoutAdjust	20	BBSIM		0
phForPitcherExhaustedAdjust	50	BBSIM		0
phForPitcherTiredAdjust	25	BBSIM		0
phForPitcherRestedAdjust	-50	BBSIM		0
phForPitcherShutoutAdjust	-30	BBSIM		0
phForPitcherNoHitterAdjust	-60	BBSIM		0
phForPitcherPerInjuryPointAdjust	5	BBSIM		0
phForHitBase	-40	BBSIM		0
phForHitLateInnAdjust	-15	BBSIM		0
phForHitInn9Adjust	-10	BBSIM		0
phForHitExtraInnAdjust	-5	BBSIM		0
phForHitAwayAdjust	-15	BBSIM		0
phForHitHomeAdjust	-20	BBSIM		0
phForHitPerOutAdjust	-5	BBSIM		0
phForHitPerBenchPlayerAdjust	10	BBSIM		0
phForHitPerInjuryPointAdjust	5	BBSIM		0
phForHitBigLeadAdjust	-30	BBSIM		0
phForHitLeadAdjust	-20	BBSIM		0
phForHitWinRunInScoringPosAdjust	-5	BBSIM		0
phForHitWinRunOnFirstAdjust	5	BBSIM		0
phForHitWinRunAtBatAdjust	10	BBSIM		0
phForHitWinRunOnDeckAdjust	10	BBSIM		0
phForHitWinRunInDugoutAdjust	0	BBSIM		0
phForHitVeryHighBatRatThresh	60	BBSIM		0
phForHitHighBatRatThresh	38	BBSIM		0
phForHitMedBatRatThresh	28	BBSIM		0
phForHitLowBatRatThresh	14	BBSIM		0
phForHitVeryHighBatRatAdjust	-100	BBSIM		0
phForHitHighBatRatAdjust	-50	BBSIM		0
phForHitMedBatRatAdjust	0	BBSIM		0
phForHitLowBatRatAdjust	20	BBSIM		0
phForHitVeryLowBatRatAdjust	50	BBSIM		0
phForHitBatPlatAdvAdjust	-10	BBSIM		0
phForHitVeryHighODRatThresh	60	BBSIM		0
phForHitHighODRatThresh	38	BBSIM		0
phForHitMedODRatThresh	28	BBSIM		0
phForHitLowODRatThresh	14	BBSIM		0
phForHitVeryHighODRatAdjust	-10	BBSIM		0
phForHitHighODRatAdjust	-5	BBSIM		0
phForHitMedODRatAdjust	0	BBSIM		0
phForHitLowODRatAdjust	5	BBSIM		0
phForHitVeryLowODRatAdjust	10	BBSIM		0
phForHitVeryHighPHBatDiffRatThresh	15	BBSIM		0
phForHitHighPHBatDiffRatThresh	5	BBSIM		0
phForHitMedPHBatDiffRatThresh	-5	BBSIM		0
phForHitLowPHBatDiffRatThresh	-15	BBSIM		0
phForHitVeryHighPHBatDiffRatAdjust	50	BBSIM		0
phForHitHighPHBatDiffRatAdjust	25	BBSIM		0
phForHitMedPHBatDiffRatAdjust	0	BBSIM		0
phForHitLowPHBatDiffRatAdjust	-50	BBSIM		0
phForHitVeryLowPHBatDiffRatAdjust	-100	BBSIM		0
phForHitPHPlatAdvAdjust	30	BBSIM		0
phForRunBase	-50	BBSIM		0
phForRunLateInnAdjust	-15	BBSIM		0
phForRunInn9Adjust	-10	BBSIM		0
phForRunExtraInnAdjust	-5	BBSIM		0
phForRunAwayAdjust	-20	BBSIM		0
phForRunHomeAdjust	-15	BBSIM		0
phForRunPerOutAdjust	5	BBSIM		0
phForRunPerBenchPlayerAdjust	10	BBSIM		0
phForRunPerInjuryPointAdjust	5	BBSIM		0
phForRunBigLeadAdjust	-50	BBSIM		0
phForRunLeadAdjust	-10	BBSIM		0
phForRunWinRunInScoringPosAdjust	10	BBSIM		0
phForRunWinRunOnFirstAdjust	5	BBSIM		0
phForRunWinRunAtBatAdjust	5	BBSIM		0
phForRunWinRunOnDeckAdjust	-5	BBSIM		0
phForRunWinRunInDugoutAdjust	-10	BBSIM		0
phForRunVeryHighBatRatThresh	60	BBSIM		0
phForRunHighBatRatThresh	38	BBSIM		0
phForRunMedBatRatThresh	28	BBSIM		0
phForRunLowBatRatThresh	14	BBSIM		0
phForRunVeryHighBatRatAdjust	-100	BBSIM		0
phForRunHighBatRatAdjust	-50	BBSIM		0
phForRunMedBatRatAdjust	0	BBSIM		0
phForRunLowBatRatAdjust	20	BBSIM		0
phForRunVeryLowBatRatAdjust	50	BBSIM		0
phForRunBatPlatAdvAdjust	-10	BBSIM		0
phForRunVeryHighODRatThresh	60	BBSIM		0
phForRunHighODRatThresh	38	BBSIM		0
phForRunMedODRatThresh	28	BBSIM		0
phForRunLowODRatThresh	14	BBSIM		0
phForRunVeryHighODRatAdjust	-10	BBSIM		0
phForRunHighODRatAdjust	-5	BBSIM		0
phForRunMedODRatAdjust	0	BBSIM		0
phForRunLowODRatAdjust	5	BBSIM		0
phForRunVeryLowODRatAdjust	10	BBSIM		0
phForRunVeryHighPHBatDiffRatThresh	15	BBSIM		0
phForRunHighPHBatDiffRatThresh	5	BBSIM		0
phForRunMedPHBatDiffRatThresh	-5	BBSIM		0
phForRunLowPHBatDiffRatThresh	-15	BBSIM		0
phForRunVeryHighPHBatDiffRatAdjust	50	BBSIM		0
phForRunHighPHBatDiffRatAdjust	25	BBSIM		0
phForRunMedPHBatDiffRatAdjust	0	BBSIM		0
phForRunLowPHBatDiffRatAdjust	-50	BBSIM		0
phForRunVeryLowPHBatDiffRatAdjust	-100	BBSIM		0
phForRunPHPlatAdvAdjust	30	BBSIM		0
prChanceOnFirstBase	-50	BBSIM		0
prChanceOnSecondBase	-60	BBSIM		0
prChanceOnThirdBase	-70	BBSIM		0
prChanceWinningRun	20	BBSIM		0
prChanceTyingRun	10	BBSIM		0
prChanceInsignificant	-100	BBSIM		0
prChancePerOutAdjust	-5	BBSIM		0
prChanceEarlyInnAdjust	-50	BBSIM		0
prChanceMidInnAdjust	-30	BBSIM		0
prChanceLateInnAdjust	0	BBSIM		0
prChanceInn9Adjust	10	BBSIM		0
prChanceExtraInnAdjust	20	BBSIM		0
prChancePerBenchPlayerAdjust	10	BBSIM		0
prChancePerInjuryPointAdjust	5	BBSIM		0
prChanceVeryFastSPThresh	75	BBSIM		0
prChanceFastSPThresh	49	BBSIM		0
prChanceMedSPThresh	28	BBSIM		0
prChanceSlowSPThresh	14	BBSIM		0
prChanceVeryFastSPAdjust	-100	BBSIM		0
prChanceFastSPAdjust	-50	BBSIM		0
prChanceMedSPAdjust	0	BBSIM		0
prChanceSlowSPAdjust	10	BBSIM		0
prChanceVerySlowSPAdjust	20	BBSIM		0
prChanceVeryFastPRThresh	75	BBSIM		0
prChanceFastPRThresh	49	BBSIM		0
prChanceMedPRThresh	28	BBSIM		0
prChanceSlowPRThresh	14	BBSIM		0
prChanceVeryFastPRAdjust	20	BBSIM		0
prChanceFastPRAdjust	10	BBSIM		0
prChanceMedPRAdjust	0	BBSIM		0
prChanceSlowPRAdjust	-50	BBSIM		0
prChanceVerySlowPRAdjust	-100	BBSIM		0
defSubBase	15	BBSIM		0
defSubBeforeInn7Adjust	-15	BBSIM		0
defSubInn7Adjust	5	BBSIM		0
defSubInn8Adjust	10	BBSIM		0
defSubAfterInn8Adjust	15	BBSIM		0
defSubNoPrimaryPosAdjust	-10	BBSIM		0
defSubNoQualifiedPosAdjust	-25	BBSIM		0
defSubPerInjuryPointAdjust	5	BBSIM		0
defSubVeryHighCurrDefThresh	75	BBSIM		0
defSubHighCurrDefThresh	49	BBSIM		0
defSubMedCurrDefThresh	28	BBSIM		0
defSubLowCurrDefThresh	14	BBSIM		0
defSubVeryHighCurrDefAdjust	-100	BBSIM		0
defSubHighCurrDefAdjust	-50	BBSIM		0
defSubMedCurrDefAdjust	0	BBSIM		0
defSubLowCurrDefAdjust	20	BBSIM		0
defSubVeryLowCurrDefAdjust	50	BBSIM		0
defSubVeryHighNewDefThresh	75	BBSIM		0
defSubHighNewDefThresh	49	BBSIM		0
defSubMedNewDefThresh	28	BBSIM		0
defSubLowNewDefThresh	14	BBSIM		0
defSubVeryHighNewDefAdjust	50	BBSIM		0
defSubHighNewDefAdjust	20	BBSIM		0
defSubMedNewDefAdjust	0	BBSIM		0
defSubLowNewDefAdjust	-50	BBSIM		0
defSubVeryLowNewDefAdjust	-100	BBSIM		0
doubleSwitchBase	0	BBSIM		0
doubleSwitchPitcherDueAdjust	25	BBSIM		0
doubleSwitchPHAdjust	25	BBSIM		0
doubleSwitchNoPrimaryPosAdjust	-10	BBSIM		0
doubleSwitchNoQualifiedPosAdjust	-25	BBSIM		0
doubleSwitchVeryHighCurrDefThresh	75	BBSIM		0
doubleSwitchHighCurrDefThresh	49	BBSIM		0
doubleSwitchMedCurrDefThresh	28	BBSIM		0
doubleSwitchLowCurrDefThresh	14	BBSIM		0
doubleSwitchVeryHighCurrDefAdjust	-100	BBSIM		0
doubleSwitchHighCurrDefAdjust	-50	BBSIM		0
doubleSwitchMedCurrDefAdjust	0	BBSIM		0
doubleSwitchLowCurrDefAdjust	20	BBSIM		0
doubleSwitchVeryLowCurrDefAdjust	50	BBSIM		0
doubleSwitchVeryHighNewDefThresh	75	BBSIM		0
doubleSwitchHighNewDefThresh	49	BBSIM		0
doubleSwitchMedNewDefThresh	28	BBSIM		0
doubleSwitchLowNewDefThresh	14	BBSIM		0
doubleSwitchVeryHighNewDefAdjust	50	BBSIM		0
doubleSwitchHighNewDefAdjust	20	BBSIM		0
doubleSwitchMedNewDefAdjust	0	BBSIM		0
doubleSwitchLowNewDefAdjust	-50	BBSIM		0
doubleSwitchVeryLowNewDefAdjust	-100	BBSIM		0
pitcherTiredThresh	20	BBSIM		0
pitcherExhaustedThresh	0	BBSIM		0
posPlayerPitchingRuns	12	BBSIM		0
pitchScoringOut	1	BBSIM		0
pitchScoringStrikeOut	2	BBSIM		0
pitchScoringOffRun	2	BBSIM		0
pitchScoringInnsAfter4	2	BBSIM		0
pitchScoringWalk	-1	BBSIM		0
pitchScoringHit	-2	BBSIM		0
pitchScoringConsHit	-1	BBSIM		0
pitchScoringRun	-2	BBSIM		0
pitchScoringER	-2	BBSIM		0
pitchScoringHR	-3	BBSIM		0
pitchScoringWP	-2	BBSIM		0
starterToastThreshInn1	-20	BBSIM		0
starterToastThreshInn2	-25	BBSIM		0
starterToastThreshInn3	-21	BBSIM		0
starterToastThreshInn4	-17	BBSIM		0
starterToastThreshInn5	-13	BBSIM		0
starterToastThreshInn6	-7	BBSIM		0
starterToastThreshInn7	-1	BBSIM		0
starterToastThreshInn8	5	BBSIM		0
starterToastThreshInn9	11	BBSIM		0
starterToastThreshPerInn	6	BBSIM		0
starterToastThreshAwayAdjust	2	BBSIM		0
starterToastThreshFewBullpenPitchesAdjust	-4	BBSIM		0
starterToastThreshManyBullpenPitchesAdjust	4	BBSIM		0
pitcherToastPctPitchesLeft	10	BBSIM		0
pitcherToastMaxLead	0	BBSIM		0
pitcherToastMinLead	0	BBSIM		0
rollFrictionGrass	12	BBSIM		0
rollFrictionTurf	10	BBSIM		0
ballAirResistancePct	99	BBSIM		0
ballAltitudePct	100	BBSIM		0
ballBaseAltitude	0	BBSIM		0
ballTempPct	33	BBSIM		0
ballWindSpeedPct	33	BBSIM		0
throwHeightPct	70	BBSIM		0
bounceVertTurfPct	37	BBSIM		0
bounceHorizTurfPct	74	BBSIM		0
bounceVertGrassPct	35	BBSIM		0
bounceHorizGrassPct	72	BBSIM		0
bounceVertDirtPct	30	BBSIM		0
bounceHorizDirtPct	67	BBSIM		0
bounceWetAdjust	-3	BBSIM		0
bounceHotAdjust	3	BBSIM		0
bounceColdAdjust	-3	BBSIM		0
speedBase	19	BBSIM		0
speedPct	5	BBSIM		0
swingSpeedBase	61	BBSIM		0
swingSpeedPHPct	10	BBSIM		0
swingSpeedPowerAdjust	5	BBSIM		0
swingSpeedNormalAdjust	0	BBSIM		0
swingSpeedContactAdjust	-5	BBSIM		0
swingSpeedBuntAdjust	-70	BBSIM		0
averagePitchSpeed	94	BBSIM		0
fastPitchBatSlowdownPct	110	BBSIM		0
slowPitchBatSpeedupPct	85	BBSIM		0
swingAngleTenthDegreesBase	44	BBSIM		0
swingAngleTenthDegreesRange	0	BBSIM		0
swingAngleTenthDegreesGFPct	95	BBSIM		0
swingAngleTenthDegreesPowerAdjust	0	BBSIM		0
swingAngleTenthDegreesContactAdjust	0	BBSIM		0
swingAngleTenthDegreesHighAdjust	20	BBSIM		0
swingAngleTenthDegreesLowAdjust	-20	BBSIM		0
swingAngleTenthDegreesOutsideAdjust	0	BBSIM		0
batPowerHandleBase	25	BBSIM		0
batPowerHandleRange	10	BBSIM		0
batPowerDullBase	50	BBSIM		0
batPowerDullRange	10	BBSIM		0
batPowerSweetBase	97	BBSIM		0
batPowerSweetRange	12	BBSIM		0
batPowerEndBase	50	BBSIM		0
batPowerEndRange	10	BBSIM		0
hitAngleCountPower	5	BBSIM		0
hitAngleFacesPower	13	BBSIM		0
hitAngleBasePower	-1	BBSIM		0
hitAngleCountNormal	5	BBSIM		0
hitAngleFacesNormal	13	BBSIM		0
hitAngleBaseNormal	-1	BBSIM		0
hitAngleCountContact	5	BBSIM		0
hitAngleFacesContact	13	BBSIM		0
hitAngleBaseContact	-1	BBSIM		0
hitAngleCountBunt	30	BBSIM		0
hitAngleFacesBunt	3	BBSIM		0
hitAngleBaseBunt	-30	BBSIM		0
tiredPitchRatPct	90	BBSIM		0
tiredASPct	90	BBSIM		0
exhaustedPitchRatPct	75	BBSIM		0
exhaustedASPct	75	BBSIM		0
effCOPct	86	BBSIM		0
effMOPct	100	BBSIM		0
warmupSecsPerWarmPitch	30	BBSIM		0
warmupSecsPerQuickPitch	20	BBSIM		0
warmupSecsPerMaintPitch	120	BBSIM		0
warmupSecsPerCoolPitch	60	BBSIM		0
warmupSecsBeforeCool	1800	BBSIM		0
fbSpeedBase	70	BBSIM		0
fbSpeedRange	2	BBSIM		0
fbSpeedASPct	30	BBSIM		0
cbSpeedBase	55	BBSIM		0
cbSpeedRange	2	BBSIM		0
cbSpeedASPct	30	BBSIM		0
cuSpeedBase	50	BBSIM		0
cuSpeedRange	2	BBSIM		0
cuSpeedASPct	30	BBSIM		0
slSpeedBase	63	BBSIM		0
slSpeedRange	2	BBSIM		0
slSpeedASPct	30	BBSIM		0
sbSpeedBase	55	BBSIM		0
sbSpeedRange	2	BBSIM		0
sbSpeedASPct	30	BBSIM		0
kbSpeedBase	65	BBSIM		0
kbSpeedRange	2	BBSIM		0
kbSpeedASPct	0	BBSIM		0
siSpeedBase	64	BBSIM		0
siSpeedRange	2	BBSIM		0
siSpeedASPct	30	BBSIM		0
fbControlBoxWidth	1	BBSIM		0
fbControlBoxHeight	1	BBSIM		0
cbControlBoxWidth	1	BBSIM		0
cbControlBoxHeight	1	BBSIM		0
cuControlBoxWidth	1	BBSIM		0
cuControlBoxHeight	1	BBSIM		0
slControlBoxWidth	1	BBSIM		0
slControlBoxHeight	1	BBSIM		0
sbControlBoxWidth	1	BBSIM		0
sbControlBoxHeight	1	BBSIM		0
kbControlBoxWidth	1	BBSIM		0
kbControlBoxHeight	1	BBSIM		0
siControlBoxWidth	1	BBSIM		0
siControlBoxHeight	1	BBSIM		0
fbBreakBaseWidth	0	BBSIM		0
fbBreakBaseHeight	0	BBSIM		0
fbBreakRangeWidth	0	BBSIM		0
fbBreakRangeHeight	0	BBSIM		0
cbBreakBaseWidth	2	BBSIM		0
cbBreakBaseHeight	-5	BBSIM		0
cbBreakRangeWidth	2	BBSIM		0
cbBreakRangeHeight	-1	BBSIM		0
cuBreakBaseWidth	0	BBSIM		0
cuBreakBaseHeight	-3	BBSIM		0
cuBreakRangeWidth	0	BBSIM		0
cuBreakRangeHeight	-2	BBSIM		0
slBreakBaseWidth	1	BBSIM		0
slBreakBaseHeight	0	BBSIM		0
slBreakRangeWidth	2	BBSIM		0
slBreakRangeHeight	-1	BBSIM		0
sbBreakBaseWidth	-2	BBSIM		0
sbBreakBaseHeight	-4	BBSIM		0
sbBreakRangeWidth	-2	BBSIM		0
sbBreakRangeHeight	-1	BBSIM		0
kbBreakBaseWidth	0	BBSIM		0
kbBreakBaseHeight	-4	BBSIM		0
kbBreakRangeWidth	2	BBSIM		0
kbBreakRangeHeight	-2	BBSIM		0
siBreakBaseWidth	0	BBSIM		0
siBreakBaseHeight	-2	BBSIM		0
siBreakRangeWidth	0	BBSIM		0
siBreakRangeHeight	-1	BBSIM		0
controlBoxIncreaseEffCOPct	15	BBSIM		0
speedReductionBase	3	BBSIM		0
speedReductionRange	3	BBSIM		0
speedReductionEffMOPct	5	BBSIM		0
coverForPitcherSlop	9	BBSIM		0
couldBeCaughtSlop	-18	BBSIM		0
shouldBeCaughtSlop	6	BBSIM		0
generalSlop	9	BBSIM		0
relaySlop	12	BBSIM		0
userCatchDist	4	BBSIM		0
computerCatchDist	3	BBSIM		0
effortCatchDist	6	BBSIM		0
tagSyncDist	3	BBSIM		0
possibleOutFrames	7	BBSIM		0
likelyOutFrames	24	BBSIM		0
tagTimeSlop	6	BBSIM		0
throwTimeSlop	6	BBSIM		0
stepOnBagSlop	-5	BBSIM		0
tagAtBagSlop	4	BBSIM		0
throwToBagSlop	8	BBSIM		0
pitchRatVariationCount	1	BBSIM		0
pitchRatVariationFaces	3	BBSIM		0
pitchRatVariationBase	-2	BBSIM		0
nonEstablishedPitchTypeAdjust	0	BBSIM		0
primaryPitchTypeAdjust	50	BBSIM		0
pitchObj00CountEstablishWeight	0	BBSIM		0
pitchObj00CountOutsideWeight	40	BBSIM		0
pitchObj00CountBestWeight	0	BBSIM		0
pitchObj00CountBestCenterWeight	0	BBSIM		0
pitchObj00CountFastCenterWeight	0	BBSIM		0
pitchObj00CountPlusWeight	60	BBSIM		0
pitchObj01CountEstablishWeight	0	BBSIM		0
pitchObj01CountOutsideWeight	46	BBSIM		0
pitchObj01CountBestWeight	15	BBSIM		0
pitchObj01CountBestCenterWeight	0	BBSIM		0
pitchObj01CountFastCenterWeight	0	BBSIM		0
pitchObj01CountPlusWeight	39	BBSIM		0
pitchObj02CountEstablishWeight	0	BBSIM		0
pitchObj02CountOutsideWeight	52	BBSIM		0
pitchObj02CountBestWeight	20	BBSIM		0
pitchObj02CountBestCenterWeight	5	BBSIM		0
pitchObj02CountFastCenterWeight	0	BBSIM		0
pitchObj02CountPlusWeight	23	BBSIM		0
pitchObj10CountEstablishWeight	0	BBSIM		0
pitchObj10CountOutsideWeight	25	BBSIM		0
pitchObj10CountBestWeight	10	BBSIM		0
pitchObj10CountBestCenterWeight	0	BBSIM		0
pitchObj10CountFastCenterWeight	5	BBSIM		0
pitchObj10CountPlusWeight	60	BBSIM		0
pitchObj11CountEstablishWeight	0	BBSIM		0
pitchObj11CountOutsideWeight	40	BBSIM		0
pitchObj11CountBestWeight	0	BBSIM		0
pitchObj11CountBestCenterWeight	0	BBSIM		0
pitchObj11CountFastCenterWeight	0	BBSIM		0
pitchObj11CountPlusWeight	60	BBSIM		0
pitchObj12CountEstablishWeight	0	BBSIM		0
pitchObj12CountOutsideWeight	38	BBSIM		0
pitchObj12CountBestWeight	15	BBSIM		0
pitchObj12CountBestCenterWeight	10	BBSIM		0
pitchObj12CountFastCenterWeight	5	BBSIM		0
pitchObj12CountPlusWeight	32	BBSIM		0
pitchObj20CountEstablishWeight	0	BBSIM		0
pitchObj20CountOutsideWeight	25	BBSIM		0
pitchObj20CountBestWeight	5	BBSIM		0
pitchObj20CountBestCenterWeight	5	BBSIM		0
pitchObj20CountFastCenterWeight	15	BBSIM		0
pitchObj20CountPlusWeight	50	BBSIM		0
pitchObj21CountEstablishWeight	0	BBSIM		0
pitchObj21CountOutsideWeight	20	BBSIM		0
pitchObj21CountBestWeight	5	BBSIM		0
pitchObj21CountBestCenterWeight	10	BBSIM		0
pitchObj21CountFastCenterWeight	15	BBSIM		0
pitchObj21CountPlusWeight	50	BBSIM		0
pitchObj22CountEstablishWeight	0	BBSIM		0
pitchObj22CountOutsideWeight	25	BBSIM		0
pitchObj22CountBestWeight	15	BBSIM		0
pitchObj22CountBestCenterWeight	15	BBSIM		0
pitchObj22CountFastCenterWeight	15	BBSIM		0
pitchObj22CountPlusWeight	30	BBSIM		0
pitchObj30CountEstablishWeight	0	BBSIM		0
pitchObj30CountOutsideWeight	35	BBSIM		0
pitchObj30CountBestWeight	0	BBSIM		0
pitchObj30CountBestCenterWeight	15	BBSIM		0
pitchObj30CountFastCenterWeight	35	BBSIM		0
pitchObj30CountPlusWeight	15	BBSIM		0
pitchObj31CountEstablishWeight	0	BBSIM		0
pitchObj31CountOutsideWeight	27	BBSIM		0
pitchObj31CountBestWeight	5	BBSIM		0
pitchObj31CountBestCenterWeight	10	BBSIM		0
pitchObj31CountFastCenterWeight	25	BBSIM		0
pitchObj31CountPlusWeight	33	BBSIM		0
pitchObj32CountEstablishWeight	0	BBSIM		0
pitchObj32CountOutsideWeight	17	BBSIM		0
pitchObj32CountBestWeight	15	BBSIM		0
pitchObj32CountBestCenterWeight	20	BBSIM		0
pitchObj32CountFastCenterWeight	25	BBSIM		0
pitchObj32CountPlusWeight	23	BBSIM		0
sureStrikeDist	3	BBSIM		0
closeStrikeDist	4	BBSIM		0
closeBallDist	5	BBSIM		0
lookPrimaryType00CountAdjust	0	BBSIM		0
lookPrimaryType01CountAdjust	0	BBSIM		0
lookPrimaryType02CountAdjust	0	BBSIM		0
lookPrimaryType10CountAdjust	0	BBSIM		0
lookPrimaryType11CountAdjust	0	BBSIM		0
lookPrimaryType12CountAdjust	0	BBSIM		0
lookPrimaryType20CountAdjust	0	BBSIM		0
lookPrimaryType21CountAdjust	0	BBSIM		0
lookPrimaryType22CountAdjust	0	BBSIM		0
lookPrimaryType30CountAdjust	0	BBSIM		0
lookPrimaryType31CountAdjust	0	BBSIM		0
lookPrimaryType32CountAdjust	0	BBSIM		0
lookBestType00CountAdjust	0	BBSIM		0
lookBestType01CountAdjust	0	BBSIM		0
lookBestType02CountAdjust	0	BBSIM		0
lookBestType10CountAdjust	0	BBSIM		0
lookBestType11CountAdjust	0	BBSIM		0
lookBestType12CountAdjust	0	BBSIM		0
lookBestType20CountAdjust	0	BBSIM		0
lookBestType21CountAdjust	0	BBSIM		0
lookBestType22CountAdjust	0	BBSIM		0
lookBestType30CountAdjust	15	BBSIM		0
lookBestType31CountAdjust	15	BBSIM		0
lookBestType32CountAdjust	0	BBSIM		0
idRatingBase	44	BBSIM		0
idRatingCHPct	90	BBSIM		0
idRatingExpPct	80	BBSIM		0
idRatingPitchRatPct	100	BBSIM		0
idRatingTypeWeight	100	BBSIM		0
idRatingLocWeight	100	BBSIM		0
idRatingTimingWeight	100	BBSIM		0
timingVeryBadThresh	55	BBSIM		0
timingVeryBadCount	7	BBSIM		0
timingVeryBadFaces	16	BBSIM		0
timingVeryBadBase	-59	BBSIM		0
timingBadThresh	70	BBSIM		0
timingBadCount	7	BBSIM		0
timingBadFaces	16	BBSIM		0
timingBadBase	-59	BBSIM		0
timingMedThresh	80	BBSIM		0
timingMedCount	7	BBSIM		0
timingMedFaces	15	BBSIM		0
timingMedBase	-56	BBSIM		0
timingGoodThresh	86	BBSIM		0
timingGoodCount	7	BBSIM		0
timingGoodFaces	15	BBSIM		0
timingGoodBase	-56	BBSIM		0
timingVeryGoodCount	9	BBSIM		0
timingVeryGoodFaces	13	BBSIM		0
timingVeryGoodBase	-63	BBSIM		0
adjustUnitsCHPct	100	BBSIM		0
adjustUnitsPowerPct	75	BBSIM		0
adjustUnitsContactPct	150	BBSIM		0
adjustUnitsDiag	2	BBSIM		0
adjustUnitsHoriz	3	BBSIM		0
adjustUnitsVert	2	BBSIM		0
adjustUnitsSpeedUpLowGeared	1	BBSIM		0
adjustUnitsSpeedUpHighGeared	8	BBSIM		0
adjustUnitsSlowDownLowGeared	1	BBSIM		0
adjustUnitsSlowDownHighGeared	4	BBSIM		0
disciplineRatingBase	0	BBSIM		0
disciplineRatingCHPct	150	BBSIM		0
disciplineRatingExpPct	100	BBSIM		0
disciplineRatingPct	100	BBSIM		0
disciplineRatingNoPitchesAdjust	0	BBSIM		0
disciplineRatingScoringPosAdjust	0	BBSIM		0
disciplineRatingOnThird01OutsAdjust	0	BBSIM		0
disciplineRatingPlusZoneAdjust	-10	BBSIM		0
disciplineRatingMinusZoneAdjust	-35	BBSIM		0
disciplineRatingLocNextToLookAdjust	-10	BBSIM		0
disciplineRatingFBDownMiddleAdjust	-45	BBSIM		0
disciplineRating00CountAdjust	0	BBSIM		0
disciplineRating01CountAdjust	30	BBSIM		0
disciplineRating02CountAdjust	10	BBSIM		0
disciplineRating10CountAdjust	-10	BBSIM		0
disciplineRating11CountAdjust	10	BBSIM		0
disciplineRating12CountAdjust	0	BBSIM		0
disciplineRating20CountAdjust	-5	BBSIM		0
disciplineRating21CountAdjust	5	BBSIM		0
disciplineRating22CountAdjust	10	BBSIM		0
disciplineRating30CountAdjust	55	BBSIM		0
disciplineRating31CountAdjust	0	BBSIM		0
disciplineRating32CountAdjust	10	BBSIM		0
checkChanceBasePower	100	BBSIM		0
checkChanceBaseNormal	200	BBSIM		0
checkChanceBaseContact	300	BBSIM		0
checkChanceBaseBunt	100	BBSIM		0
checkChanceCHPctPower	200	BBSIM		0
checkChanceCHPctNormal	240	BBSIM		0
checkChanceCHPctContact	280	BBSIM		0
checkChanceCHPctBunt	0	BBSIM		0
failedCheckContactChance	0	BBSIM		0
hbpBatterStepOutChance	80	BBSIM		0
delayBasePitcher	12	BBSIM		0
delayFAPctPitcher	-8	BBSIM		0
delayBaseCatcher	12	BBSIM		0
delayFAPctCatcher	-4	BBSIM		0
delayBaseFirstBase	10	BBSIM		0
delayFAPctFirstBase	-6	BBSIM		0
delayBaseSecondBase	13	BBSIM		0
delayFAPctSecondBase	-6	BBSIM		0
delayBaseThirdBase	10	BBSIM		0
delayFAPctThirdBase	-6	BBSIM		0
delayBaseShortStop	13	BBSIM		0
delayFAPctShortStop	-6	BBSIM		0
delayBaseLeftField	25	BBSIM		0
delayFAPctLeftField	-9	BBSIM		0
delayBaseCenterField	25	BBSIM		0
delayFAPctCenterField	-9	BBSIM		0
delayBaseRightField	25	BBSIM		0
delayFAPctRightField	-9	BBSIM		0
catchBaseChance	90	BBSIM		0
catchFADiv	7	BBSIM		0
catchChanceDiving	-40	BBSIM		0
catchChanceLeaping	-15	BBSIM		0
catchChanceLessThan1Sec	-10	BBSIM		0
catchChancePerTenth	-1	BBSIM		0
catchChancePitcherAdjust	-10	BBSIM		0
catchChanceCatcherAdjust	10	BBSIM		0
catchChanceFirstBaseAdjust	0	BBSIM		0
catchChanceSecondBaseAdjust	0	BBSIM		0
catchChanceThirdBaseAdjust	0	BBSIM		0
catchChanceShortStopAdjust	0	BBSIM		0
catchChanceLeftFieldAdjust	5	BBSIM		0
catchChanceCenterFieldAdjust	5	BBSIM		0
catchChanceRightFieldAdjust	5	BBSIM		0
automaticCatchDist	15	BBSIM		0
maxThrowDistBase	190	BBSIM		0
maxThrowDistASPct	100	BBSIM		0
throwSpeedIFBase	52	BBSIM		0
throwSpeedIFDistPct	3	BBSIM		0
throwSpeedIFMax	92	BBSIM		0
throwSpeedOFBase	52	BBSIM		0
throwSpeedOFDistPct	3	BBSIM		0
throwSpeedOFMax	92	BBSIM		0
goodThrowBase	63	BBSIM		0
goodThrowFAPct	40	BBSIM		0
goodThrowChancePitcher	10	BBSIM		0
goodThrowChanceCatcher	-20	BBSIM		0
goodThrowChanceFirstBase	10	BBSIM		0
goodThrowChanceSecondBase	10	BBSIM		0
goodThrowChanceThirdBase	0	BBSIM		0
goodThrowChanceShortStop	10	BBSIM		0
goodThrowChanceLeftField	-10	BBSIM		0
goodThrowChanceCenterField	-10	BBSIM		0
goodThrowChanceRightField	-10	BBSIM		0
wildCatchChanceBase	85	BBSIM		0
wildCatchChanceFAPct	50	BBSIM		0
wildCatchChanceOppMod	-10	BBSIM		0
wildCatchChanceHighMod	-5	BBSIM		0
infieldMaxChaseDist	50	BBSIM		0
pitcherMaxChaseDist	90	BBSIM		0
outfieldMinChaseDist	150	BBSIM		0
longLeadSpeed	60	BBSIM		0
pickoffScareSpeed	60	BBSIM		0
chargeChanceBaseFirst	0	FastSim	6802c9a5	1
chargeChanceBaseThird	-20	FastSim		0
chargeChancePitcherFAPct	25	FastSim		0
chargeChanceFAPct	25	FastSim		0
chargeChanceSacChanceAdjust	-20	FastSim		0
chargeChanceThirdOnFirstSecond	20	FastSim		0
chargeChanceThirdOnThird	20	FastSim		0
defManChargeChancePct	50	FastSim		0
holdChanceBase	0	FastSim		0
holdChanceMinRunnerSpeed	30	FastSim		0
holdChanceAdjust	100	FastSim		0
pickoffChanceBase	0	FastSim		0
pickoffChanceStealChanceAdjust	-10	FastSim		0
pickoffChanceLeadMult	5	FastSim		0
pickoffChancePitchesMult	-10	FastSim		0
pitchOutChanceStealThresh	25	FastSim		0
pitchOutChanceHitRunThresh	25	FastSim		0
pitchOutChanceBase	25	FastSim		0
pitchOutChanceBall0Adjust	5	FastSim		0
pitchOutChanceBall1Adjust	0	FastSim		0
pitchOutChanceBall2Adjust	-25	FastSim		0
pitchOutChanceBall3Adjust	-100	FastSim		0
pitchOutChanceInn8Adjust	5	FastSim		0
pitchOutChanceInn9Adjust	10	FastSim		0
pitchOutChanceHomeAdjust	-5	FastSim		0
pitchAroundChanceNoInn	6	FastSim		0
pitchAroundChanceBase	25	FastSim		0
pitchAroundChanceInn7Adjust	5	FastSim		0
pitchAroundChanceInn9Adjust	10	FastSim		0
pitchAroundChancePH2BatAdjust	25	FastSim		0
pitchAroundChancePH1BatAdjust	10	FastSim		0
pitchAroundChancePHBatAdjust	5	FastSim		0
pitchAroundChancePHODAdjust	-10	FastSim		0
pitchAroundChancePH1ODAdjust	-25	FastSim		0
pitchAroundChancePH2ODAdjust	-50	FastSim		0
pitchAroundChanceCH2BatAdjust	15	FastSim		0
pitchAroundChanceCH1BatAdjust	5	FastSim		0
pitchAroundChanceCHBatAdjust	0	FastSim		0
pitchAroundChanceCHODAdjust	-5	FastSim		0
pitchAroundChanceCH1ODAdjust	-15	FastSim		0
pitchAroundChanceCH2ODAdjust	-30	FastSim		0
pitchAroundChanceLowGFThresh	45	FastSim		0
pitchAroundChanceLowGFAdjust	5	FastSim		0
pitchAroundChanceOut0	0	FastSim		0
pitchAroundChanceOut1	5	FastSim		0
pitchAroundChanceOut2	10	FastSim		0
pitchAroundChanceOn23	5	FastSim		0
defManPitchAroundToIBBPct	100	FastSim		0
defPosHighPull	80	FastSim		0
defPosLowPull	19	FastSim		0
defPosHighPullExtra	60	FastSim		0
defPosLowPullExtra	39	FastSim		0
defPosHighPower	85	FastSim		0
defPosLowPower	20	FastSim		0
normalPos1BDist	130	FastSim		0
normalPos1BAngle	-35	FastSim		0
normalPos2BDist	140	FastSim		0
normalPos2BAngle	-15	FastSim		0
normalPosSSDist	140	FastSim		0
normalPosSSAngle	15	FastSim		0
normalPos3BDist	130	FastSim		0
normalPos3BAngle	35	FastSim		0
guardLinesPos1BDist	120	FastSim		0
guardLinesPos1BAngle	-40	FastSim		0
guardLinesPos2BDist	140	FastSim		0
guardLinesPos2BAngle	-15	FastSim		0
guardLinesPosSSDist	140	FastSim		0
guardLinesPosSSAngle	15	FastSim		0
guardLinesPos3BDist	120	FastSim		0
guardLinesPos3BAngle	40	FastSim		0
cutoffRunPos1BDist	90	FastSim		0
cutoffRunPos1BAngle	-35	FastSim		0
cutoffRunPos2BDist	105	FastSim		0
cutoffRunPos2BAngle	-15	FastSim		0
cutoffRunPosSSDist	105	FastSim		0
cutoffRunPosSSAngle	15	FastSim		0
cutoffRunPos3BDist	90	FastSim		0
cutoffRunPos3BAngle	35	FastSim		0
doublePlayPos1BDist	100	FastSim		0
doublePlayPos1BAngle	-35	FastSim		0
doublePlayPos2BDist	135	FastSim		0
doublePlayPos2BAngle	-12	FastSim		0
doublePlayPosSSDist	135	FastSim		0
doublePlayPosSSAngle	12	FastSim		0
doublePlayPos3BDist	100	FastSim		0
doublePlayPos3BAngle	35	FastSim		0
normalPosLFPct	69	FastSim		0
normalPosLFAngle	25	FastSim		0
normalPosCFPct	69	FastSim		0
normalPosCFAngle	0	FastSim		0
normalPosRFPct	69	FastSim		0
normalPosRFAngle	-25	FastSim		0
guardLeftPosLFPct	65	FastSim		0
guardLeftPosLFAngle	30	FastSim		0
guardLeftPosCFPct	69	FastSim		0
guardLeftPosCFAngle	5	FastSim		0
guardLeftPosRFPct	45	FastSim		0
guardLeftPosRFAngle	-25	FastSim		0
guardRightPosLFPct	45	FastSim		0
guardRightPosLFAngle	25	FastSim		0
guardRightPosCFPct	69	FastSim		0
guardRightPosCFAngle	-5	FastSim		0
guardRightPosRFPct	65	FastSim		0
guardRightPosRFAngle	30	FastSim		0
infieldPosFeetPerDepth	10	FastSim		0
outfieldPosPctVeryShallow	50	FastSim		0
outfieldPosPctShallow	60	FastSim		0
outfieldPosPctNormal	70	FastSim		0
outfieldPosPctDeep	80	FastSim		0
outfieldPosPctVeryDeep	100	FastSim		0
stealChance00Count	0	FastSim		0
stealChance01Count	0	FastSim		0
stealChance02Count	-10	FastSim		0
stealChance10Count	10	FastSim		0
stealChance11Count	0	FastSim		0
stealChance12Count	-10	FastSim		0
stealChance20Count	15	FastSim		0
stealChance21Count	5	FastSim		0
stealChance22Count	0	FastSim		0
stealChance30Count	15	FastSim		0
stealChance31Count	15	FastSim		0
stealChance32Count	20	FastSim		0
offManStealChancePct	67	FastSim		0
stealChanceVerySlowThresh	13	FastSim		0
stealChanceSlowThresh	27	FastSim		0
stealChanceMedThresh	60	FastSim		0
stealChanceFastThresh	80	FastSim		0
stealChanceVerySlowAdjust	-40	FastSim		0
stealChanceSlowAdjust	-10	FastSim		0
stealChanceMedAdjust	0	FastSim		0
stealChanceFastAdjust	20	FastSim		0
stealChanceVeryFastAdjust	25	FastSim		0
stealChanceVeryLowHoldThresh	19	FastSim		0
stealChanceLowHoldThresh	39	FastSim		0
stealChanceMedHoldThresh	65	FastSim		0
stealChanceHighHoldThresh	74	FastSim		0
stealChanceVeryLowHoldAdjust	15	FastSim		0
stealChanceLowHoldAdjust	5	FastSim		0
stealChanceMedHoldAdjust	0	FastSim		0
stealChanceHighHoldAdjust	-10	FastSim		0
stealChanceVeryHighHoldAdjust	-20	FastSim		0
stealChancePitcherFaceAdjust	-5	FastSim		0
stealChancePitcherBackAdjust	5	FastSim		0
stealChancePitcherWindupAdjust	5	FastSim		0
stealChancePitcherWildAdjust	0	FastSim		0
stealChanceOnFirst2OutHighCHThresh	60	FastSim		0
stealChanceOnFirst2OutHighCHAdjust	10	FastSim		0
stealChanceOnFirst2OutLowCHThresh	27	FastSim		0
stealChanceOnFirst2OutLowCHAdjust	-25	FastSim		0
stealChanceOnFirst01OutHighCHThresh	60	FastSim		0
stealChanceOnFirst01OutHighCHAdjust	15	FastSim		0
stealChanceOnFirst01OutLowCHThresh	27	FastSim		0
stealChanceOnFirst01OutLowCHAdjust	-15	FastSim		0
stealChanceOnSecond0OutAdjust	-15	FastSim		0
stealChanceOnSecond1OutAdjust	0	FastSim		0
stealChanceOnSecond2OutAdjust	-30	FastSim		0
stealChanceOnSecondHighCHThresh	55	FastSim		0
stealChanceOnSecondHighCHAdjust	5	FastSim		0
stealChanceWayBehindThresh	-3	FastSim		0
stealChanceWayBehindAdjust	-70	FastSim		0
hnrChanceBase	25	FastSim		0
hnrChance3MoreBehindAdjust	-40	FastSim		0
hnrChance2BehindAdjust	-10	FastSim		0
hnrChance1AheadAdjust	-10	FastSim		0
hnrChance2MoreAheadAdjust	-40	FastSim		0
hnrChanceOn12Adjust	-25	FastSim		0
hnrChancePitcherWildAdjust	-20	FastSim		0
hnrChance3BallsAdjust	10	FastSim		0
hnrChance2StrikesAdjust	-15	FastSim		0
hnrChanceEvenCountAdjust	-5	FastSim		0
hnrChance01CountAdjust	-15	FastSim		0
offManHNRChancePct	100	FastSim		0
hnrChanceSlowSPThresh	27	FastSim		0
hnrChanceMedSPThresh	47	FastSim		0
hnrChanceFastSPThresh	74	FastSim		0
hnrChanceSlowSPAdjust	-20	FastSim		0
hnrChanceMedSPAdjust	-10	FastSim		0
hnrChanceFastSPAdjust	5	FastSim		0
hnrChanceVeryFastSPAdjust	10	FastSim		0
hnrChanceLowCHThresh	27	FastSim		0
hnrChanceMedCHThresh	47	FastSim		0
hnrChanceHighCHThresh	74	FastSim		0
hnrChanceLowCHAdjust	-20	FastSim		0
hnrChanceMedCHAdjust	-10	FastSim		0
hnrChanceHighCHAdjust	0	FastSim		0
hnrChanceVeryHighCHAdjust	10	FastSim		0
hnrChanceLowPHThresh	27	FastSim		0
hnrChanceMedPHThresh	47	FastSim		0
hnrChanceHighPHThresh	74	FastSim		0
hnrChanceLowPHAdjust	10	FastSim		0
hnrChanceMedPHAdjust	0	FastSim		0
hnrChanceHighPHAdjust	-10	FastSim		0
hnrChanceVeryHighPHAdjust	-20	FastSim		0
sacChanceMaxCH	44	FastSim		0
sacChanceMaxPH	44	FastSim		0
sacChanceBase	7	FastSim		0
sacChancePitcherAdjust	15	FastSim		0
sacChance1OutAdjust	-25	FastSim		0
offManSacChancePct	200	FastSim		0
sacChanceCLAdjust	30	FastSim		0
sacChanceCL0OutOn12Adjust	15	FastSim		0
sacChanceCLLowCHThresh	14	FastSim		0
sacChanceCLLowPHThresh	14	FastSim		0
sacChanceCLLowCHPHAdjust	25	FastSim		0
sacChanceCL1OutODHighCHThresh	56	FastSim		0
sacChanceCL1OutODHighPHThresh	56	FastSim		0
sacChanceCL1OutODHighAdjust	-10	FastSim		0
sacChancePitcherLowCHThresh	19	FastSim		0
sacChancePitcherLowPHThresh	19	FastSim		0
sacChancePitcherLowCHPHAdjust	50	FastSim		0
squeezeChanceMaxCH	27	FastSim		0
squeezeChanceMaxPH	27	FastSim		0
squeezeChanceLowCountAdjust	15	FastSim		0
squeezeChanceMedCountAdjust	10	FastSim		0
squeezeChanceThirdFastSPThresh	69	FastSim		0
squeezeChanceThirdFastAdjust	10	FastSim		0
offManSqueezeChancePct	100	FastSim		0
offRatCHPct	100	FastSim		0
offRatPHPct	100	FastSim		0
slugRatCHPct	100	FastSim		0
slugRatPHPct	100	FastSim		0
defRatASPct	100	FastSim		0
defRatFAPct	100	FastSim		0
phForPitcherBase	-90	FastSim		0
phForPitcherEarlyInnAdjust	-50	FastSim		0
phForPitcherMiddleInnAdjust	-10	FastSim		0
phForPitcherLateInnAdjust	10	FastSim		0
phForPitcherInn9Adjust	20	FastSim		0
phForPitcherExtraInnAdjust	50	FastSim		0
phForPitcherPerOutAdjust	-5	FastSim		0
phForPitcherPerBPPitcherAdjust	10	FastSim		0
phForPitcherPerBenchPlayerAdjust	10	FastSim		0
phForPitcherBigLeadAdjust	-30	FastSim		0
phForPitcherLeadAdjust	-20	FastSim		0
phForPitcherWinRunInScoringPosAdjust	10	FastSim		0
phForPitcherWinRunOnFirstAdjust	5	FastSim		0
phForPitcherWinRunAtBatAdjust	5	FastSim		0
phForPitcherWinRunOnDeckAdjust	10	FastSim		0
phForPitcherWinRunInDugoutAdjust	20	FastSim		0
phForPitcherExhaustedAdjust	50	FastSim		0
phForPitcherTiredAdjust	25	FastSim		0
phForPitcherRestedAdjust	-50	FastSim		0
phForPitcherShutoutAdjust	-30	FastSim		0
phForPitcherNoHitterAdjust	-60	FastSim		0
phForPitcherPerInjuryPointAdjust	5	FastSim		0
phForHitBase	-40	FastSim		0
phForHitLateInnAdjust	-15	FastSim		0
phForHitInn9Adjust	-10	FastSim		0
phForHitExtraInnAdjust	-5	FastSim		0
phForHitAwayAdjust	-15	FastSim		0
phForHitHomeAdjust	-20	FastSim		0
phForHitPerOutAdjust	-5	FastSim		0
phForHitPerBenchPlayerAdjust	10	FastSim		0
phForHitPerInjuryPointAdjust	5	FastSim		0
phForHitBigLeadAdjust	-30	FastSim		0
phForHitLeadAdjust	-20	FastSim		0
phForHitWinRunInScoringPosAdjust	-5	FastSim		0
phForHitWinRunOnFirstAdjust	5	FastSim		0
phForHitWinRunAtBatAdjust	10	FastSim		0
phForHitWinRunOnDeckAdjust	10	FastSim		0
phForHitWinRunInDugoutAdjust	0	FastSim		0
phForHitVeryHighBatRatThresh	60	FastSim		0
phForHitHighBatRatThresh	38	FastSim		0
phForHitMedBatRatThresh	28	FastSim		0
phForHitLowBatRatThresh	14	FastSim		0
phForHitVeryHighBatRatAdjust	-100	FastSim		0
phForHitHighBatRatAdjust	-50	FastSim		0
phForHitMedBatRatAdjust	0	FastSim		0
phForHitLowBatRatAdjust	20	FastSim		0
phForHitVeryLowBatRatAdjust	50	FastSim		0
phForHitBatPlatAdvAdjust	-10	FastSim		0
phForHitVeryHighODRatThresh	60	FastSim		0
phForHitHighODRatThresh	38	FastSim		0
phForHitMedODRatThresh	28	FastSim		0
phForHitLowODRatThresh	14	FastSim		0
phForHitVeryHighODRatAdjust	-10	FastSim		0
phForHitHighODRatAdjust	-5	FastSim		0
phForHitMedODRatAdjust	0	FastSim		0
phForHitLowODRatAdjust	5	FastSim		0
phForHitVeryLowODRatAdjust	10	FastSim		0
phForHitVeryHighPHBatDiffRatThresh	15	FastSim		0
phForHitHighPHBatDiffRatThresh	5	FastSim		0
phForHitMedPHBatDiffRatThresh	-5	FastSim		0
phForHitLowPHBatDiffRatThresh	-15	FastSim		0
phForHitVeryHighPHBatDiffRatAdjust	50	FastSim		0
phForHitHighPHBatDiffRatAdjust	25	FastSim		0
phForHitMedPHBatDiffRatAdjust	0	FastSim		0
phForHitLowPHBatDiffRatAdjust	-50	FastSim		0
phForHitVeryLowPHBatDiffRatAdjust	-100	FastSim		0
phForHitPHPlatAdvAdjust	30	FastSim		0
phForRunBase	-50	FastSim		0
phForRunLateInnAdjust	-15	FastSim		0
phForRunInn9Adjust	-10	FastSim		0
phForRunExtraInnAdjust	-5	FastSim		0
phForRunAwayAdjust	-20	FastSim		0
phForRunHomeAdjust	-15	FastSim		0
phForRunPerOutAdjust	5	FastSim		0
phForRunPerBenchPlayerAdjust	10	FastSim		0
phForRunPerInjuryPointAdjust	5	FastSim		0
phForRunBigLeadAdjust	-50	FastSim		0
phForRunLeadAdjust	-10	FastSim		0
phForRunWinRunInScoringPosAdjust	10	FastSim		0
phForRunWinRunOnFirstAdjust	5	FastSim		0
phForRunWinRunAtBatAdjust	5	FastSim		0
phForRunWinRunOnDeckAdjust	-5	FastSim		0
phForRunWinRunInDugoutAdjust	-10	FastSim		0
phForRunVeryHighBatRatThresh	60	FastSim		0
phForRunHighBatRatThresh	38	FastSim		0
phForRunMedBatRatThresh	28	FastSim		0
phForRunLowBatRatThresh	14	FastSim		0
phForRunVeryHighBatRatAdjust	-100	FastSim		0
phForRunHighBatRatAdjust	-50	FastSim		0
phForRunMedBatRatAdjust	0	FastSim		0
phForRunLowBatRatAdjust	20	FastSim		0
phForRunVeryLowBatRatAdjust	50	FastSim		0
phForRunBatPlatAdvAdjust	-10	FastSim		0
phForRunVeryHighODRatThresh	60	FastSim		0
phForRunHighODRatThresh	38	FastSim		0
phForRunMedODRatThresh	28	FastSim		0
phForRunLowODRatThresh	14	FastSim		0
phForRunVeryHighODRatAdjust	-10	FastSim		0
phForRunHighODRatAdjust	-5	FastSim		0
phForRunMedODRatAdjust	0	FastSim		0
phForRunLowODRatAdjust	5	FastSim		0
phForRunVeryLowODRatAdjust	10	FastSim		0
phForRunVeryHighPHBatDiffRatThresh	15	FastSim		0
phForRunHighPHBatDiffRatThresh	5	FastSim		0
phForRunMedPHBatDiffRatThresh	-5	FastSim		0
phForRunLowPHBatDiffRatThresh	-15	FastSim		0
phForRunVeryHighPHBatDiffRatAdjust	50	FastSim		0
phForRunHighPHBatDiffRatAdjust	25	FastSim		0
phForRunMedPHBatDiffRatAdjust	0	FastSim		0
phForRunLowPHBatDiffRatAdjust	-50	FastSim		0
phForRunVeryLowPHBatDiffRatAdjust	-100	FastSim		0
phForRunPHPlatAdvAdjust	30	FastSim		0
prChanceOnFirstBase	-50	FastSim		0
prChanceOnSecondBase	-60	FastSim		0
prChanceOnThirdBase	-70	FastSim		0
prChanceWinningRun	20	FastSim		0
prChanceTyingRun	10	FastSim		0
prChanceInsignificant	-100	FastSim		0
prChancePerOutAdjust	-5	FastSim		0
prChanceEarlyInnAdjust	-50	FastSim		0
prChanceMidInnAdjust	-30	FastSim		0
prChanceLateInnAdjust	0	FastSim		0
prChanceInn9Adjust	10	FastSim		0
prChanceExtraInnAdjust	20	FastSim		0
prChancePerBenchPlayerAdjust	10	FastSim		0
prChancePerInjuryPointAdjust	5	FastSim		0
prChanceVeryFastSPThresh	75	FastSim		0
prChanceFastSPThresh	49	FastSim		0
prChanceMedSPThresh	28	FastSim		0
prChanceSlowSPThresh	14	FastSim		0
prChanceVeryFastSPAdjust	-100	FastSim		0
prChanceFastSPAdjust	-50	FastSim		0
prChanceMedSPAdjust	0	FastSim		0
prChanceSlowSPAdjust	10	FastSim		0
prChanceVerySlowSPAdjust	20	FastSim		0
prChanceVeryFastPRThresh	75	FastSim		0
prChanceFastPRThresh	49	FastSim		0
prChanceMedPRThresh	28	FastSim		0
prChanceSlowPRThresh	14	FastSim		0
prChanceVeryFastPRAdjust	20	FastSim		0
prChanceFastPRAdjust	10	FastSim		0
prChanceMedPRAdjust	0	FastSim		0
prChanceSlowPRAdjust	-50	FastSim		0
prChanceVerySlowPRAdjust	-100	FastSim		0
defSubBase	15	FastSim		0
defSubBeforeInn7Adjust	-15	FastSim		0
defSubInn7Adjust	5	FastSim		0
defSubInn8Adjust	10	FastSim		0
defSubAfterInn8Adjust	15	FastSim		0
defSubNoPrimaryPosAdjust	-10	FastSim		0
defSubNoQualifiedPosAdjust	-25	FastSim		0
defSubPerInjuryPointAdjust	5	FastSim		0
defSubVeryHighCurrDefThresh	75	FastSim		0
defSubHighCurrDefThresh	49	FastSim		0
defSubMedCurrDefThresh	28	FastSim		0
defSubLowCurrDefThresh	14	FastSim		0
defSubVeryHighCurrDefAdjust	-100	FastSim		0
defSubHighCurrDefAdjust	-50	FastSim		0
defSubMedCurrDefAdjust	0	FastSim		0
defSubLowCurrDefAdjust	20	FastSim		0
defSubVeryLowCurrDefAdjust	50	FastSim		0
defSubVeryHighNewDefThresh	75	FastSim		0
defSubHighNewDefThresh	49	FastSim		0
defSubMedNewDefThresh	28	FastSim		0
defSubLowNewDefThresh	14	FastSim		0
defSubVeryHighNewDefAdjust	50	FastSim		0
defSubHighNewDefAdjust	20	FastSim		0
defSubMedNewDefAdjust	0	FastSim		0
defSubLowNewDefAdjust	-50	FastSim		0
defSubVeryLowNewDefAdjust	-100	FastSim		0
doubleSwitchBase	0	FastSim		0
doubleSwitchPitcherDueAdjust	25	FastSim		0
doubleSwitchPHAdjust	25	FastSim		0
doubleSwitchNoPrimaryPosAdjust	-10	FastSim		0
doubleSwitchNoQualifiedPosAdjust	-25	FastSim		0
doubleSwitchVeryHighCurrDefThresh	75	FastSim		0
doubleSwitchHighCurrDefThresh	49	FastSim		0
doubleSwitchMedCurrDefThresh	28	FastSim		0
doubleSwitchLowCurrDefThresh	14	FastSim		0
doubleSwitchVeryHighCurrDefAdjust	-100	FastSim		0
doubleSwitchHighCurrDefAdjust	-50	FastSim		0
doubleSwitchMedCurrDefAdjust	0	FastSim		0
doubleSwitchLowCurrDefAdjust	20	FastSim		0
doubleSwitchVeryLowCurrDefAdjust	50	FastSim		0
doubleSwitchVeryHighNewDefThresh	75	FastSim		0
doubleSwitchHighNewDefThresh	49	FastSim		0
doubleSwitchMedNewDefThresh	28	FastSim		0
doubleSwitchLowNewDefThresh	14	FastSim		0
doubleSwitchVeryHighNewDefAdjust	50	FastSim		0
doubleSwitchHighNewDefAdjust	20	FastSim		0
doubleSwitchMedNewDefAdjust	0	FastSim		0
doubleSwitchLowNewDefAdjust	-50	FastSim		0
doubleSwitchVeryLowNewDefAdjust	-100	FastSim		0
pitcherTiredThresh	20	FastSim		0
pitcherExhaustedThresh	0	FastSim		0
posPlayerPitchingRuns	12	FastSim		0
pitchScoringOut	1	FastSim		0
pitchScoringStrikeOut	2	FastSim		0
pitchScoringOffRun	2	FastSim		0
pitchScoringInnsAfter4	2	FastSim		0
pitchScoringWalk	-1	FastSim		0
pitchScoringHit	-2	FastSim		0
pitchScoringConsHit	-1	FastSim		0
pitchScoringRun	-2	FastSim		0
pitchScoringER	-2	FastSim		0
pitchScoringHR	-3	FastSim		0
pitchScoringWP	-2	FastSim		0
starterToastThreshInn1	-20	FastSim		0
starterToastThreshInn2	-25	FastSim		0
starterToastThreshInn3	-21	FastSim		0
starterToastThreshInn4	-17	FastSim		0
starterToastThreshInn5	-13	FastSim		0
starterToastThreshInn6	-7	FastSim		0
starterToastThreshInn7	-1	FastSim		0
starterToastThreshInn8	5	FastSim		0
starterToastThreshInn9	11	FastSim		0
starterToastThreshPerInn	6	FastSim		0
starterToastThreshAwayAdjust	2	FastSim		0
starterToastThreshFewBullpenPitchesAdjust	-4	FastSim		0
starterToastThreshManyBullpenPitchesAdjust	4	FastSim		0
pitcherToastPctPitchesLeft	10	FastSim		0
pitcherToastMaxLead	0	FastSim		0
pitcherToastMinLead	0	FastSim		0
rollFrictionGrass	12	FastSim		0
rollFrictionTurf	10	FastSim		0
ballAirResistancePct	99	FastSim		0
ballAltitudePct	100	FastSim		0
ballBaseAltitude	0	FastSim		0
ballTempPct	33	FastSim		0
ballWindSpeedPct	33	FastSim		0
throwHeightPct	70	FastSim		0
bounceVertTurfPct	37	FastSim		0
bounceHorizTurfPct	74	FastSim		0
bounceVertGrassPct	35	FastSim		0
bounceHorizGrassPct	72	FastSim		0
bounceVertDirtPct	30	FastSim		0
bounceHorizDirtPct	67	FastSim		0
bounceWetAdjust	-3	FastSim		0
bounceHotAdjust	3	FastSim		0
bounceColdAdjust	-3	FastSim		0
speedBase	19	FastSim		0
speedPct	5	FastSim		0
swingSpeedBase	61	FastSim		0
swingSpeedPHPct	10	FastSim		0
swingSpeedPowerAdjust	5	FastSim		0
swingSpeedNormalAdjust	0	FastSim		0
swingSpeedContactAdjust	-5	FastSim		0
swingSpeedBuntAdjust	-70	FastSim		0
averagePitchSpeed	94	FastSim		0
fastPitchBatSlowdownPct	110	FastSim		0
slowPitchBatSpeedupPct	85	FastSim		0
swingAngleTenthDegreesBase	44	FastSim		0
swingAngleTenthDegreesRange	0	FastSim		0
swingAngleTenthDegreesGFPct	95	FastSim		0
swingAngleTenthDegreesPowerAdjust	0	FastSim		0
swingAngleTenthDegreesContactAdjust	0	FastSim		0
swingAngleTenthDegreesHighAdjust	20	FastSim		0
swingAngleTenthDegreesLowAdjust	-20	FastSim		0
swingAngleTenthDegreesOutsideAdjust	0	FastSim		0
batPowerHandleBase	25	FastSim		0
batPowerHandleRange	10	FastSim		0
batPowerDullBase	50	FastSim		0
batPowerDullRange	10	FastSim		0
batPowerSweetBase	97	FastSim		0
batPowerSweetRange	12	FastSim		0
batPowerEndBase	50	FastSim		0
batPowerEndRange	10	FastSim		0
hitAngleCountPower	5	FastSim		0
hitAngleFacesPower	13	FastSim		0
hitAngleBasePower	-1	FastSim		0
hitAngleCountNormal	5	FastSim		0
hitAngleFacesNormal	13	FastSim		0
hitAngleBaseNormal	-1	FastSim		0
hitAngleCountContact	5	FastSim		0
hitAngleFacesContact	13	FastSim		0
hitAngleBaseContact	-1	FastSim		0
hitAngleCountBunt	30	FastSim		0
hitAngleFacesBunt	3	FastSim		0
hitAngleBaseBunt	-30	FastSim		0
tiredPitchRatPct	90	FastSim		0
tiredASPct	90	FastSim		0
exhaustedPitchRatPct	75	FastSim		0
exhaustedASPct	75	FastSim		0
effCOPct	86	FastSim		0
effMOPct	100	FastSim		0
warmupSecsPerWarmPitch	30	FastSim		0
warmupSecsPerQuickPitch	20	FastSim		0
warmupSecsPerMaintPitch	120	FastSim		0
warmupSecsPerCoolPitch	60	FastSim		0
warmupSecsBeforeCool	1800	FastSim		0
fbSpeedBase	70	FastSim		0
fbSpeedRange	2	FastSim		0
fbSpeedASPct	30	FastSim		0
cbSpeedBase	55	FastSim		0
cbSpeedRange	2	FastSim		0
cbSpeedASPct	30	FastSim		0
cuSpeedBase	50	FastSim		0
cuSpeedRange	2	FastSim		0
cuSpeedASPct	30	FastSim		0
slSpeedBase	63	FastSim		0
slSpeedRange	2	FastSim		0
slSpeedASPct	30	FastSim		0
sbSpeedBase	55	FastSim		0
sbSpeedRange	2	FastSim		0
sbSpeedASPct	30	FastSim		0
kbSpeedBase	65	FastSim		0
kbSpeedRange	2	FastSim		0
kbSpeedASPct	0	FastSim		0
siSpeedBase	64	FastSim		0
siSpeedRange	2	FastSim		0
siSpeedASPct	30	FastSim		0
fbControlBoxWidth	1	FastSim		0
fbControlBoxHeight	1	FastSim		0
cbControlBoxWidth	1	FastSim		0
cbControlBoxHeight	1	FastSim		0
cuControlBoxWidth	1	FastSim		0
cuControlBoxHeight	1	FastSim		0
slControlBoxWidth	1	FastSim		0
slControlBoxHeight	1	FastSim		0
sbControlBoxWidth	1	FastSim		0
sbControlBoxHeight	1	FastSim		0
kbControlBoxWidth	1	FastSim		0
kbControlBoxHeight	1	FastSim		0
siControlBoxWidth	1	FastSim		0
siControlBoxHeight	1	FastSim		0
fbBreakBaseWidth	0	FastSim		0
fbBreakBaseHeight	0	FastSim		0
fbBreakRangeWidth	0	FastSim		0
fbBreakRangeHeight	0	FastSim		0
cbBreakBaseWidth	2	FastSim		0
cbBreakBaseHeight	-5	FastSim		0
cbBreakRangeWidth	2	FastSim		0
cbBreakRangeHeight	-1	FastSim		0
cuBreakBaseWidth	0	FastSim		0
cuBreakBaseHeight	-3	FastSim		0
cuBreakRangeWidth	0	FastSim		0
cuBreakRangeHeight	-2	FastSim		0
slBreakBaseWidth	1	FastSim		0
slBreakBaseHeight	0	FastSim		0
slBreakRangeWidth	2	FastSim		0
slBreakRangeHeight	-1	FastSim		0
sbBreakBaseWidth	-2	FastSim		0
sbBreakBaseHeight	-4	FastSim		0
sbBreakRangeWidth	-2	FastSim		0
sbBreakRangeHeight	-1	FastSim		0
kbBreakBaseWidth	0	FastSim		0
kbBreakBaseHeight	-4	FastSim		0
kbBreakRangeWidth	2	FastSim		0
kbBreakRangeHeight	-2	FastSim		0
siBreakBaseWidth	0	FastSim		0
siBreakBaseHeight	-2	FastSim		0
siBreakRangeWidth	0	FastSim		0
siBreakRangeHeight	-1	FastSim		0
controlBoxIncreaseEffCOPct	15	FastSim		0
speedReductionBase	3	FastSim		0
speedReductionRange	3	FastSim		0
speedReductionEffMOPct	5	FastSim		0
coverForPitcherSlop	9	FastSim		0
couldBeCaughtSlop	-18	FastSim		0
shouldBeCaughtSlop	6	FastSim		0
generalSlop	9	FastSim		0
relaySlop	12	FastSim		0
userCatchDist	4	FastSim		0
computerCatchDist	3	FastSim		0
effortCatchDist	6	FastSim		0
tagSyncDist	3	FastSim		0
possibleOutFrames	7	FastSim		0
likelyOutFrames	24	FastSim		0
tagTimeSlop	6	FastSim		0
throwTimeSlop	6	FastSim		0
stepOnBagSlop	-5	FastSim		0
tagAtBagSlop	4	FastSim		0
throwToBagSlop	8	FastSim		0
pitchRatVariationCount	1	FastSim		0
pitchRatVariationFaces	3	FastSim		0
pitchRatVariationBase	-2	FastSim		0
nonEstablishedPitchTypeAdjust	0	FastSim		0
primaryPitchTypeAdjust	50	FastSim		0
pitchObj00CountEstablishWeight	0	FastSim		0
pitchObj00CountOutsideWeight	40	FastSim		0
pitchObj00CountBestWeight	0	FastSim		0
pitchObj00CountBestCenterWeight	0	FastSim		0
pitchObj00CountFastCenterWeight	0	FastSim		0
pitchObj00CountPlusWeight	60	FastSim		0
pitchObj01CountEstablishWeight	0	FastSim		0
pitchObj01CountOutsideWeight	46	FastSim		0
pitchObj01CountBestWeight	15	FastSim		0
pitchObj01CountBestCenterWeight	0	FastSim		0
pitchObj01CountFastCenterWeight	0	FastSim		0
pitchObj01CountPlusWeight	39	FastSim		0
pitchObj02CountEstablishWeight	0	FastSim		0
pitchObj02CountOutsideWeight	52	FastSim		0
pitchObj02CountBestWeight	20	FastSim		0
pitchObj02CountBestCenterWeight	5	FastSim		0
pitchObj02CountFastCenterWeight	0	FastSim		0
pitchObj02CountPlusWeight	23	FastSim		0
pitchObj10CountEstablishWeight	0	FastSim		0
pitchObj10CountOutsideWeight	25	FastSim		0
pitchObj10CountBestWeight	10	FastSim		0
pitchObj10CountBestCenterWeight	0	FastSim		0
pitchObj10CountFastCenterWeight	5	FastSim		0
pitchObj10CountPlusWeight	60	FastSim		0
pitchObj11CountEstablishWeight	0	FastSim		0
pitchObj11CountOutsideWeight	40	FastSim		0
pitchObj11CountBestWeight	0	FastSim		0
pitchObj11CountBestCenterWeight	0	FastSim		0
pitchObj11CountFastCenterWeight	0	FastSim		0
pitchObj11CountPlusWeight	60	FastSim		0
pitchObj12CountEstablishWeight	0	FastSim		0
pitchObj12CountOutsideWeight	38	FastSim		0
pitchObj12CountBestWeight	15	FastSim		0
pitchObj12CountBestCenterWeight	10	FastSim		0
pitchObj12CountFastCenterWeight	5	FastSim		0
pitchObj12CountPlusWeight	32	FastSim		0
pitchObj20CountEstablishWeight	0	FastSim		0
pitchObj20CountOutsideWeight	25	FastSim		0
pitchObj20CountBestWeight	5	FastSim		0
pitchObj20CountBestCenterWeight	5	FastSim		0
pitchObj20CountFastCenterWeight	15	FastSim		0
pitchObj20CountPlusWeight	50	FastSim		0
pitchObj21CountEstablishWeight	0	FastSim		0
pitchObj21CountOutsideWeight	20	FastSim		0
pitchObj21CountBestWeight	5	FastSim		0
pitchObj21CountBestCenterWeight	10	FastSim		0
pitchObj21CountFastCenterWeight	15	FastSim		0
pitchObj21CountPlusWeight	50	FastSim		0
pitchObj22CountEstablishWeight	0	FastSim		0
pitchObj22CountOutsideWeight	25	FastSim		0
pitchObj22CountBestWeight	15	FastSim		0
pitchObj22CountBestCenterWeight	15	FastSim		0
pitchObj22CountFastCenterWeight	15	FastSim		0
pitchObj22CountPlusWeight	30	FastSim		0
pitchObj30CountEstablishWeight	0	FastSim		0
pitchObj30CountOutsideWeight	35	FastSim		0
pitchObj30CountBestWeight	0	FastSim		0
pitchObj30CountBestCenterWeight	15	FastSim		0
pitchObj30CountFastCenterWeight	35	FastSim		0
pitchObj30CountPlusWeight	15	FastSim		0
pitchObj31CountEstablishWeight	0	FastSim		0
pitchObj31CountOutsideWeight	27	FastSim		0
pitchObj31CountBestWeight	5	FastSim		0
pitchObj31CountBestCenterWeight	10	FastSim		0
pitchObj31CountFastCenterWeight	25	FastSim		0
pitchObj31CountPlusWeight	33	FastSim		0
pitchObj32CountEstablishWeight	0	FastSim		0
pitchObj32CountOutsideWeight	17	FastSim		0
pitchObj32CountBestWeight	15	FastSim		0
pitchObj32CountBestCenterWeight	20	FastSim		0
pitchObj32CountFastCenterWeight	25	FastSim		0
pitchObj32CountPlusWeight	23	FastSim		0
sureStrikeDist	3	FastSim		0
closeStrikeDist	4	FastSim		0
closeBallDist	5	FastSim		0
lookPrimaryType00CountAdjust	0	FastSim		0
lookPrimaryType01CountAdjust	0	FastSim		0
lookPrimaryType02CountAdjust	0	FastSim		0
lookPrimaryType10CountAdjust	0	FastSim		0
lookPrimaryType11CountAdjust	0	FastSim		0
lookPrimaryType12CountAdjust	0	FastSim		0
lookPrimaryType20CountAdjust	0	FastSim		0
lookPrimaryType21CountAdjust	0	FastSim		0
lookPrimaryType22CountAdjust	0	FastSim		0
lookPrimaryType30CountAdjust	0	FastSim		0
lookPrimaryType31CountAdjust	0	FastSim		0
lookPrimaryType32CountAdjust	0	FastSim		0
lookBestType00CountAdjust	0	FastSim		0
lookBestType01CountAdjust	0	FastSim		0
lookBestType02CountAdjust	0	FastSim		0
lookBestType10CountAdjust	0	FastSim		0
lookBestType11CountAdjust	0	FastSim		0
lookBestType12CountAdjust	0	FastSim		0
lookBestType20CountAdjust	0	FastSim		0
lookBestType21CountAdjust	0	FastSim		0
lookBestType22CountAdjust	0	FastSim		0
lookBestType30CountAdjust	15	FastSim		0
lookBestType31CountAdjust	15	FastSim		0
lookBestType32CountAdjust	0	FastSim		0
idRatingBase	44	FastSim		0
idRatingCHPct	90	FastSim		0
idRatingExpPct	80	FastSim		0
idRatingPitchRatPct	100	FastSim		0
idRatingTypeWeight	100	FastSim		0
idRatingLocWeight	100	FastSim		0
idRatingTimingWeight	100	FastSim		0
timingVeryBadThresh	55	FastSim		0
timingVeryBadCount	7	FastSim		0
timingVeryBadFaces	16	FastSim		0
timingVeryBadBase	-59	FastSim		0
timingBadThresh	70	FastSim		0
timingBadCount	7	FastSim		0
timingBadFaces	16	FastSim		0
timingBadBase	-59	FastSim		0
timingMedThresh	80	FastSim		0
timingMedCount	7	FastSim		0
timingMedFaces	15	FastSim		0
timingMedBase	-56	FastSim		0
timingGoodThresh	86	FastSim		0
timingGoodCount	7	FastSim		0
timingGoodFaces	15	FastSim		0
timingGoodBase	-56	FastSim		0
timingVeryGoodCount	9	FastSim		0
timingVeryGoodFaces	13	FastSim		0
timingVeryGoodBase	-63	FastSim		0
adjustUnitsCHPct	100	FastSim		0
adjustUnitsPowerPct	75	FastSim		0
adjustUnitsContactPct	150	FastSim		0
adjustUnitsDiag	2	FastSim		0
adjustUnitsHoriz	3	FastSim		0
adjustUnitsVert	2	FastSim		0
adjustUnitsSpeedUpLowGeared	1	FastSim		0
adjustUnitsSpeedUpHighGeared	8	FastSim		0
adjustUnitsSlowDownLowGeared	1	FastSim		0
adjustUnitsSlowDownHighGeared	4	FastSim		0
disciplineRatingBase	0	FastSim		0
disciplineRatingCHPct	150	FastSim		0
disciplineRatingExpPct	100	FastSim		0
disciplineRatingPct	100	FastSim		0
disciplineRatingNoPitchesAdjust	0	FastSim		0
disciplineRatingScoringPosAdjust	0	FastSim		0
disciplineRatingOnThird01OutsAdjust	0	FastSim		0
disciplineRatingPlusZoneAdjust	-10	FastSim		0
disciplineRatingMinusZoneAdjust	-35	FastSim		0
disciplineRatingLocNextToLookAdjust	-10	FastSim		0
disciplineRatingFBDownMiddleAdjust	-45	FastSim		0
disciplineRating00CountAdjust	0	FastSim		0
disciplineRating01CountAdjust	30	FastSim		0
disciplineRating02CountAdjust	10	FastSim		0
disciplineRating10CountAdjust	-10	FastSim		0
disciplineRating11CountAdjust	10	FastSim		0
disciplineRating12CountAdjust	0	FastSim		0
disciplineRating20CountAdjust	-5	FastSim		0
disciplineRating21CountAdjust	5	FastSim		0
disciplineRating22CountAdjust	10	FastSim		0
disciplineRating30CountAdjust	55	FastSim		0
disciplineRating31CountAdjust	0	FastSim		0
disciplineRating32CountAdjust	10	FastSim		0
checkChanceBasePower	100	FastSim		0
checkChanceBaseNormal	200	FastSim		0
checkChanceBaseContact	300	FastSim		0
checkChanceBaseBunt	100	FastSim		0
checkChanceCHPctPower	200	FastSim		0
checkChanceCHPctNormal	240	FastSim		0
checkChanceCHPctContact	280	FastSim		0
checkChanceCHPctBunt	0	FastSim		0
failedCheckContactChance	0	FastSim		0
hbpBatterStepOutChance	80	FastSim		0
delayBasePitcher	12	FastSim		0
delayFAPctPitcher	-8	FastSim		0
delayBaseCatcher	12	FastSim		0
delayFAPctCatcher	-4	FastSim		0
delayBaseFirstBase	10	FastSim		0
delayFAPctFirstBase	-6	FastSim		0
delayBaseSecondBase	13	FastSim		0
delayFAPctSecondBase	-6	FastSim		0
delayBaseThirdBase	10	FastSim		0
delayFAPctThirdBase	-6	FastSim		0
delayBaseShortStop	13	FastSim		0
delayFAPctShortStop	-6	FastSim		0
delayBaseLeftField	25	FastSim		0
delayFAPctLeftField	-9	FastSim		0
delayBaseCenterField	25	FastSim		0
delayFAPctCenterField	-9	FastSim		0
delayBaseRightField	25	FastSim		0
delayFAPctRightField	-9	FastSim		0
catchBaseChance	90	FastSim		0
catchFADiv	7	FastSim		0
catchChanceDiving	-40	FastSim		0
catchChanceLeaping	-15	FastSim		0
catchChanceLessThan1Sec	-10	FastSim		0
catchChancePerTenth	-1	FastSim		0
catchChancePitcherAdjust	-10	FastSim		0
catchChanceCatcherAdjust	10	FastSim		0
catchChanceFirstBaseAdjust	0	FastSim		0
catchChanceSecondBaseAdjust	0	FastSim		0
catchChanceThirdBaseAdjust	0	FastSim		0
catchChanceShortStopAdjust	0	FastSim		0
catchChanceLeftFieldAdjust	5	FastSim		0
catchChanceCenterFieldAdjust	5	FastSim		0
catchChanceRightFieldAdjust	5	FastSim		0
automaticCatchDist	15	FastSim		0
maxThrowDistBase	190	FastSim		0
maxThrowDistASPct	100	FastSim		0
throwSpeedIFBase	52	FastSim		0
throwSpeedIFDistPct	3	FastSim		0
throwSpeedIFMax	92	FastSim		0
throwSpeedOFBase	52	FastSim		0
throwSpeedOFDistPct	3	FastSim		0
throwSpeedOFMax	92	FastSim		0
goodThrowBase	63	FastSim		0
goodThrowFAPct	40	FastSim		0
goodThrowChancePitcher	10	FastSim		0
goodThrowChanceCatcher	-20	FastSim		0
goodThrowChanceFirstBase	10	FastSim		0
goodThrowChanceSecondBase	10	FastSim		0
goodThrowChanceThirdBase	0	FastSim		0
goodThrowChanceShortStop	10	FastSim		0
goodThrowChanceLeftField	-10	FastSim		0
goodThrowChanceCenterField	-10	FastSim		0
goodThrowChanceRightField	-10	FastSim		0
wildCatchChanceBase	85	FastSim		0
wildCatchChanceFAPct	50	FastSim		0
wildCatchChanceOppMod	-10	FastSim		0
wildCatchChanceHighMod	-5	FastSim		0
infieldMaxChaseDist	50	FastSim		0
pitcherMaxChaseDist	90	FastSim		0
outfieldMinChaseDist	150	FastSim		0
longLeadSpeed	60	FastSim		0
pickoffScareSpeed	60	FastSim		0
